,FR-IDF_NC_FR,FR-CVL_NC_FR,FR-BFC_NC_FR,FR-NOR_NC_FR,FR-HDF_NC_FR,FR-GES_NC_FR,FR-PDL_NC_FR,FR-BRE_NC_FR,FR-NAQ_NC_FR,FR-OCC_NC_FR,FR-ARA_NC_FR,FR-PAC_NC_FR,FR-COR_NC_FR,FR-IDF_NC_ET,FR-CVL_NC_ET,FR-BFC_NC_ET,FR-NOR_NC_ET,FR-HDF_NC_ET,FR-GES_NC_ET,FR-PDL_NC_ET,FR-BRE_NC_ET,FR-NAQ_NC_ET,FR-OCC_NC_ET,FR-ARA_NC_ET,FR-PAC_NC_ET,FR-COR_NC_ET,FR-IDF_NH_FR,FR-CVL_NH_FR,FR-BFC_NH_FR,FR-NOR_NH_FR,FR-HDF_NH_FR,FR-GES_NH_FR,FR-PDL_NH_FR,FR-BRE_NH_FR,FR-NAQ_NH_FR,FR-OCC_NH_FR,FR-ARA_NH_FR,FR-PAC_NH_FR,FR-COR_NH_FR,FR-IDF_NH_ET,FR-CVL_NH_ET,FR-BFC_NH_ET,FR-NOR_NH_ET,FR-HDF_NH_ET,FR-GES_NH_ET,FR-PDL_NH_ET,FR-BRE_NH_ET,FR-NAQ_NH_ET,FR-OCC_NH_ET,FR-ARA_NH_ET,FR-PAC_NH_ET,FR-COR_NH_ET,NbDaysOff,FR-ARA_AvgTemp,FR-BFC_AvgTemp,FR-BRE_AvgTemp,FR-CVL_AvgTemp,FR-COR_AvgTemp,FR-GES_AvgTemp,FR-HDF_AvgTemp,FR-IDF_AvgTemp,FR-NOR_AvgTemp,FR-NAQ_AvgTemp,FR-OCC_AvgTemp,FR-PDL_AvgTemp,FR-PAC_AvgTemp,FR-ARA-A-NB,FR-BFC-A-NB,FR-BRE-A-NB,FR-CVL-A-NB,FR-COR-A-NB,FR-GES-A-NB,FR-HDF-A-NB,FR-IDF-A-NB,FR-NOR-A-NB,FR-NAQ-A-NB,FR-OCC-A-NB,FR-PDL-A-NB,FR-PAC-A-NB,FR-ARA-H-NB,FR-BFC-H-NB,FR-BRE-H-NB,FR-CVL-H-NB,FR-COR-H-NB,FR-GES-H-NB,FR-HDF-H-NB,FR-IDF-H-NB,FR-NOR-H-NB,FR-NAQ-H-NB,FR-OCC-H-NB,FR-PDL-H-NB,FR-PAC-H-NB
2010-01,,,,,,,,,,,,,,,,,,,,,,,,,,,2462.71,226.57,291.74,307.24,404.15,497.81,309.11,255.14,555.97,534.4,1161.01,740.79,28.88,1894.4,27.37,51.33,33.85,69.81,143.86,24.22,18.49,46.09,95.73,497.4,216.09,2.06,11,,,,,,,,,,,,,,14.0,3.0,8.0,3.0,5.0,7.0,5.0,4.0,5.0,13.0,11.0,7.0,5.0,3,5,1,3,1,7,3,4,2,5,6,0,3
2010-02,,,,,,,,,,,,,,,,,,,,,,,,,,,2303.15,247.74,373.28,335.33,437.46,545.72,318.54,305.72,682.27,647.87,1505.58,897.76,37.13,1868.26,30.48,63.18,46.47,94.21,178.72,25.33,17.33,41.68,124.24,514.79,217.18,2.88,9,,,,,,,,,,,,,,14.0,3.0,8.0,3.0,5.0,7.0,5.0,4.0,5.0,13.0,11.0,7.0,5.0,3,5,1,3,1,7,3,4,2,5,6,0,3
2010-03,,,,,,,,,,,,,,,,,,,,,,,,,,,2828.36,329.58,403.37,422.87,529.83,632.5,417.2,395.93,840.23,736.66,1577.42,976.26,45.33,2513.12,49.91,73.72,70.11,109.68,229.56,29.0,37.08,76.61,147.82,482.41,351.58,5.04,9,,,,,,,,,,,,,,14.0,3.0,8.0,3.0,5.0,7.0,5.0,4.0,5.0,13.0,11.0,7.0,5.0,3,5,1,3,1,7,3,4,2,5,6,0,3
2010-04,63.65,44.52,28.64,143.52,56.02,47.73,433.35,365.68,624.79,513.75,199.96,430.18,29.66,144.98,24.21,34.32,81.74,57.99,63.88,56.69,62.5,122.53,287.21,106.97,388.98,27.22,2714.11,376.22,419.2,551.26,560.27,687.56,460.81,515.72,1087.84,971.96,1263.07,1111.68,151.72,2764.08,87.78,148.45,118.18,175.7,319.82,39.26,65.27,130.26,379.8,387.47,615.63,33.84,10,,,,,,,,,,,,,,14.0,3.0,8.0,3.0,5.0,7.0,5.0,4.0,5.0,13.0,11.0,7.0,5.0,3,5,1,3,1,7,3,4,2,5,6,0,3
2010-05,67.68,94.46,82.3,186.42,84.02,96.85,506.49,443.73,709.12,784.57,395.18,535.79,77.32,169.3,59.11,116.3,119.72,121.95,156.71,84.53,97.96,213.7,478.48,235.66,540.49,90.05,2911.72,442.64,482.02,587.63,600.12,785.44,490.38,576.19,1173.6,1092.56,1258.56,1269.81,315.08,3292.25,140.24,192.71,168.06,200.45,393.86,58.55,99.76,178.4,549.67,272.35,796.71,84.89,12,,,,,,,,,,,,,,14.0,3.0,8.0,3.0,5.0,7.0,5.0,4.0,5.0,13.0,11.0,7.0,5.0,3,5,1,3,1,7,3,4,2,5,6,0,3
2010-06,69.97,87.05,97.45,176.41,81.87,109.94,550.94,437.28,908.98,1111.7,463.71,690.5,212.56,143.13,105.95,173.28,186.15,130.21,210.2,252.97,305.57,525.67,780.3,408.24,720.71,238.87,2847.75,455.52,498.92,561.58,620.45,807.31,561.23,573.32,1202.36,1188.16,1402.62,1328.67,352.96,3308.8,160.18,203.84,213.56,202.88,385.54,78.15,139.33,222.0,533.61,361.49,967.29,139.34,9,,,,,,,,,,,,,,14.0,3.0,8.0,3.0,5.0,7.0,5.0,4.0,5.0,13.0,11.0,7.0,5.0,3,5,1,3,1,7,3,4,2,5,6,0,3
2010-07,95.05,279.84,371.95,624.21,354.56,348.05,2922.0,2258.81,5377.13,5654.83,2213.04,2828.35,809.46,333.54,328.44,573.56,481.55,268.87,474.94,799.11,886.17,2441.06,2506.01,1636.06,1825.19,626.05,2550.14,472.73,532.17,627.56,563.32,752.33,572.24,615.63,1468.2,1455.06,1697.22,1676.86,363.77,3866.25,241.2,306.56,275.83,279.91,503.64,101.54,197.32,379.33,734.57,585.42,1279.78,173.78,11,,,,,,,,,,,,,,14.0,3.0,8.0,3.0,5.0,7.0,5.0,4.0,5.0,13.0,11.0,7.0,5.0,3,5,1,3,1,7,3,4,2,5,6,0,3
2010-08,102.81,319.64,434.76,766.8,406.14,415.86,3880.01,3052.51,7502.0,7553.33,2778.95,3739.16,852.43,354.46,369.89,548.85,469.98,279.09,423.75,874.89,947.58,2351.04,2053.53,1381.98,1601.74,648.75,2080.28,457.31,524.11,687.55,517.02,796.35,632.58,789.65,1799.87,1855.67,1783.65,1892.89,427.49,3650.1,258.18,292.11,300.61,268.16,520.88,103.68,254.19,378.64,707.91,494.38,1342.56,202.72,9,,,,,,,,,,,,,,14.0,3.0,8.0,3.0,5.0,7.0,5.0,4.0,5.0,13.0,11.0,7.0,5.0,3,5,1,3,1,7,3,4,2,5,6,0,3
2010-09,36.31,65.15,65.02,153.75,64.69,94.41,438.73,381.28,878.97,954.26,320.12,569.89,190.06,76.77,66.81,109.68,113.72,89.93,131.47,106.24,139.32,467.62,634.62,228.82,604.35,170.1,2668.86,418.81,489.49,561.87,587.73,818.75,512.53,583.6,1248.39,1177.7,1349.3,1262.6,353.8,3322.14,161.13,225.39,203.75,213.85,434.78,82.04,141.06,261.05,623.54,353.07,993.69,133.43,9,,,,,,,,,,,,,,14.0,3.0,8.0,3.0,5.0,7.0,5.0,4.0,5.0,13.0,11.0,7.0,5.0,3,5,1,3,1,7,3,4,2,5,6,0,3
2010-10,,,,,,,,,,,,,,,,,,,,,,,,,,,2843.2,375.11,441.17,501.46,571.9,759.12,438.31,460.95,1037.66,971.16,1131.77,953.83,132.84,3185.0,90.41,145.84,110.4,158.26,363.48,38.33,61.29,149.92,346.57,223.81,561.49,38.39,11,,,,,,,,,,,,,,14.0,3.0,8.0,3.0,5.0,7.0,5.0,4.0,5.0,13.0,11.0,7.0,5.0,3,5,1,3,1,7,3,4,2,5,6,0,3
2010-11,,,,,,,,,,,,,,,,,,,,,,,,,,,2622.95,293.68,352.07,375.38,480.49,619.75,374.71,347.93,768.77,635.68,920.71,673.02,41.85,2218.6,41.39,69.01,53.63,117.17,224.59,23.05,28.7,58.89,117.16,154.43,238.06,4.08,10,,,,,,,,,,,,,,14.0,3.0,8.0,3.0,5.0,7.0,5.0,4.0,5.0,13.0,11.0,7.0,5.0,3,5,1,3,1,7,3,4,2,5,6,0,3
2010-12,,,,,,,,,,,,,,,,,,,,,,,,,,,2795.05,262.21,330.18,317.67,452.17,813.29,334.53,295.76,659.2,573.37,1192.41,667.89,34.18,2408.13,31.82,58.12,31.64,103.01,258.75,18.89,19.61,54.67,109.58,338.19,219.16,3.51,9,,,,,,,,,,,,,,14.0,3.0,8.0,3.0,5.0,7.0,5.0,4.0,5.0,13.0,11.0,7.0,5.0,3,5,1,3,1,7,3,4,2,5,6,0,3
2011-01,,,,,,,,,,,,,,,,,,,,,,,,,,,2485.47,267.93,307.94,321.11,443.61,528.48,335.97,271.31,576.02,550.67,1231.46,691.63,28.15,2046.25,31.42,56.46,28.69,72.99,147.31,22.52,14.94,44.39,96.17,552.89,222.25,2.23,10,,,,,,,,,,,,,,14.0,3.0,8.0,3.0,5.0,7.0,5.0,4.0,5.0,13.0,11.0,7.0,5.0,3,5,1,3,1,7,3,4,2,5,6,0,3
2011-02,,,,,,,,,,,,,,,,,,,,,,,,,,,2236.84,255.22,355.36,376.84,448.92,569.62,357.15,327.93,672.79,648.27,1530.25,844.19,36.12,1916.92,30.13,62.29,39.57,92.02,156.26,23.26,19.58,41.84,122.04,514.26,225.44,1.99,9,,,,,,,,,,,,,,14.0,3.0,8.0,3.0,5.0,7.0,5.0,4.0,5.0,13.0,11.0,7.0,5.0,3,5,1,3,1,7,3,4,2,5,6,0,3
2011-03,,,,,,,,,,,,,,,,,,,,,,,,,,,2758.92,327.84,394.98,441.42,535.29,680.98,411.37,419.89,892.26,730.72,1573.99,967.05,51.26,2682.48,41.37,85.33,60.3,114.88,226.71,28.88,31.24,76.32,125.84,567.59,387.92,3.9,9,,,,,,,,,,,,,,14.0,3.0,8.0,3.0,5.0,7.0,5.0,4.0,5.0,13.0,11.0,7.0,5.0,3,5,1,3,1,7,3,4,2,5,6,0,3
2011-04,69.97,49.52,29.72,148.98,77.09,50.81,437.99,383.73,780.61,529.66,199.34,536.87,32.98,133.53,32.65,38.35,96.66,71.12,67.41,64.73,65.02,135.75,221.85,85.25,283.65,20.45,2710.96,380.89,433.11,590.23,569.04,721.44,499.21,553.33,1150.68,985.03,1319.54,1094.64,151.55,3282.42,91.06,140.61,126.71,182.24,356.52,46.31,67.41,155.25,303.65,380.28,666.01,37.78,11,,,,,,,,,,,,,,14.0,3.0,8.0,3.0,5.0,7.0,5.0,4.0,5.0,13.0,11.0,7.0,5.0,3,5,1,3,1,7,3,4,2,5,6,0,3
2011-05,62.86,70.89,65.21,149.59,75.94,79.49,372.29,345.63,679.9,640.53,300.43,491.92,79.91,132.05,57.66,85.65,108.14,97.06,116.85,76.83,91.46,178.25,299.34,152.51,300.08,58.88,2891.51,412.15,453.78,556.94,594.44,803.13,501.43,545.15,1181.71,1095.09,1246.59,1214.29,281.1,3279.03,131.71,161.07,160.87,177.49,333.54,57.51,88.07,176.72,452.11,264.35,806.01,93.55,9,,,,,,,,,,,,,,14.0,3.0,8.0,3.0,5.0,7.0,5.0,4.0,5.0,13.0,11.0,7.0,5.0,3,5,1,3,1,7,3,4,2,5,6,0,3
2011-06,71.73,144.23,147.15,261.96,129.63,142.7,842.77,747.75,1454.65,1510.35,674.63,874.21,204.32,140.89,129.64,212.8,207.03,139.05,275.95,264.71,292.22,626.03,991.34,503.85,833.14,201.08,2888.58,490.59,535.69,627.17,666.51,869.22,632.17,665.75,1362.94,1272.21,1514.44,1412.13,351.18,3475.95,158.76,216.32,217.41,212.47,431.32,87.69,134.56,251.8,510.68,399.6,1082.03,124.86,11,,,,,,,,,,,,,,14.0,3.0,8.0,3.0,5.0,7.0,5.0,4.0,5.0,13.0,11.0,7.0,5.0,3,5,1,3,1,7,3,4,2,5,6,0,3
2011-07,83.65,282.69,347.42,581.09,329.48,321.83,3010.96,2369.99,5629.96,5824.69,2191.93,2989.0,853.39,284.18,319.69,510.82,435.93,252.19,425.55,737.37,777.47,2199.8,2538.94,1781.33,2079.53,416.11,2553.67,475.43,540.11,602.8,579.83,808.52,620.19,668.53,1541.83,1582.48,1793.56,1727.88,344.36,4175.89,255.03,302.36,264.46,268.96,520.66,99.72,186.48,369.65,640.08,619.93,1445.62,165.82,12,,,,,,,,,,,,,,14.0,3.0,8.0,3.0,5.0,7.0,5.0,4.0,5.0,13.0,11.0,7.0,5.0,3,5,1,3,1,7,3,4,2,5,6,0,3
2011-08,90.16,300.57,429.83,727.24,398.46,410.31,3798.02,3010.4,7533.25,7425.82,2748.16,3768.99,1009.43,335.9,350.48,535.87,433.01,285.66,408.48,872.07,880.19,2456.31,2276.9,1485.64,1832.66,507.84,2221.45,452.62,526.64,663.28,533.72,861.35,636.64,796.96,1860.85,1863.31,1915.43,1967.67,428.7,3768.17,250.54,285.2,288.42,259.4,535.74,110.92,229.85,368.37,675.01,544.67,1362.16,179.32,10,,,,,,,,,,,,,,14.0,3.0,8.0,3.0,5.0,7.0,5.0,4.0,5.0,13.0,11.0,7.0,5.0,3,5,1,3,1,7,3,4,2,5,6,0,3
2011-09,38.04,73.68,77.04,153.14,65.7,105.56,456.81,417.92,1044.12,1176.42,372.07,712.01,241.61,90.06,63.66,121.2,104.88,87.53,134.05,118.83,127.12,489.02,679.95,264.32,720.26,168.82,2679.53,412.16,492.11,557.26,592.63,836.33,559.73,600.31,1324.42,1260.11,1448.27,1368.51,356.37,3385.74,153.25,222.83,198.81,204.17,461.67,73.93,133.56,254.83,585.61,346.27,1048.43,126.89,9,,,,,,,,,,,,,,14.0,3.0,8.0,3.0,5.0,7.0,5.0,4.0,5.0,13.0,11.0,7.0,5.0,3,5,1,3,1,7,3,4,2,5,6,0,3
2011-10,,,,,,,,,,,,,,,,,,,,,,,,,,,2813.97,392.54,446.29,557.15,588.64,806.43,490.31,529.47,1119.89,1080.17,1254.05,1088.92,145.94,3360.84,85.83,141.82,125.1,173.26,364.47,46.33,58.71,136.6,295.66,234.27,635.26,33.05,10,,,,,,,,,,,,,,14.0,3.0,8.0,3.0,5.0,7.0,5.0,4.0,5.0,13.0,11.0,7.0,5.0,3,5,1,3,1,7,3,4,2,5,6,0,3
2011-11,,,,,,,,,,,,,,,,,,,,,,,,,,,2676.02,310.55,367.02,402.55,495.13,673.78,382.35,380.74,776.79,638.31,1017.37,738.06,36.44,2380.49,40.76,69.0,61.36,114.71,204.55,26.19,26.44,67.26,111.19,150.11,247.95,3.37,10,,,,,,,,,,,,,,14.0,3.0,8.0,3.0,5.0,7.0,5.0,4.0,5.0,13.0,11.0,7.0,5.0,3,5,1,3,1,7,3,4,2,5,6,0,3
2011-12,,,,,,,,,,,,,,,,,,,,,,,,,,,2787.58,267.99,330.78,338.67,459.18,872.39,354.41,318.72,652.67,575.25,1252.2,706.56,32.89,2540.88,34.86,63.91,47.27,104.87,264.57,19.56,20.5,55.96,100.57,347.52,247.46,2.57,10,,,,,,,,,,,,,,14.0,3.0,8.0,3.0,5.0,7.0,5.0,4.0,5.0,13.0,11.0,7.0,5.0,3,5,1,3,1,7,3,4,2,5,6,0,3
2012-01,,,,,,,,,,,,,,,,,,,,,,,,,,,2365.64,267.59,313.04,317.5,430.17,526.41,347.13,308.18,585.01,546.27,1254.59,721.86,29.81,2182.24,32.82,54.33,44.72,76.64,156.47,22.53,17.73,44.03,93.41,597.36,218.79,1.92,9,,,,,,,,,,,,,,14.0,3.0,8.0,3.0,5.0,7.0,5.0,4.0,5.0,13.0,11.0,7.0,5.0,3,5,1,3,1,7,3,4,2,5,6,0,3
2012-02,,,,,,,,,,,,,,,,,,,,,,,,,,,2274.1,279.95,348.44,359.75,445.12,579.64,360.1,344.05,678.91,650.01,1629.88,894.32,33.99,2020.76,34.92,61.26,54.32,90.21,185.88,26.61,20.65,47.53,115.42,548.39,217.01,2.1,9,,,,,,,,,,,,,,14.0,3.0,8.0,3.0,5.0,7.0,5.0,4.0,5.0,13.0,11.0,7.0,5.0,3,5,1,3,1,7,3,4,2,5,6,0,3
2012-03,,,,,,,,,,,,,,,,,,,,,,,,,,,2709.5,323.72,393.65,462.29,529.77,675.53,447.31,449.78,877.43,765.9,1668.83,1043.33,50.52,2737.95,53.5,89.61,85.28,130.23,221.19,30.08,38.04,77.13,128.64,538.33,406.54,3.92,10,,,,,,,,,,,,,,14.0,3.0,8.0,3.0,5.0,7.0,5.0,4.0,5.0,13.0,11.0,7.0,5.0,3,5,1,3,1,7,3,4,2,5,6,0,3
2012-04,62.0,51.08,33.68,158.0,61.18,49.24,505.24,441.0,785.63,600.71,217.58,527.28,47.68,106.92,24.18,36.34,55.23,73.43,65.11,44.72,48.88,108.26,232.72,90.02,295.59,19.95,2725.12,407.27,404.63,530.14,584.36,718.57,470.48,543.09,1067.62,1003.12,1252.07,1112.57,150.49,3316.18,93.44,128.06,131.96,166.4,316.73,41.51,69.44,146.02,353.21,354.65,693.86,30.58,10,,,,,,,,,,,,,,14.0,3.0,8.0,3.0,5.0,7.0,5.0,4.0,5.0,13.0,11.0,7.0,5.0,3,5,1,3,1,7,3,4,2,5,6,0,3
2012-05,66.53,105.52,96.99,204.58,102.12,100.78,596.88,541.89,910.07,950.63,452.2,659.61,81.17,126.55,49.45,123.33,87.73,103.42,159.72,65.81,78.37,182.6,414.99,204.5,407.88,73.71,2669.77,425.76,464.57,584.83,598.64,814.16,503.86,607.72,1193.44,1140.81,1251.2,1220.22,272.31,3488.39,138.04,169.06,173.69,173.19,371.18,55.12,96.37,183.92,480.04,286.42,870.63,95.51,12,,,,,,,,,,,,,,14.0,3.0,8.0,3.0,5.0,7.0,5.0,4.0,5.0,13.0,11.0,7.0,5.0,3,5,1,3,1,7,3,4,2,5,6,0,3
2012-06,79.89,91.07,101.46,160.72,92.51,104.65,542.07,464.08,1094.29,1252.52,522.73,756.79,221.4,137.12,108.79,207.66,164.07,134.9,208.89,257.22,259.96,602.55,989.92,496.99,850.03,190.62,2911.11,447.49,491.14,571.24,620.91,839.41,584.89,599.51,1221.64,1258.19,1459.14,1336.81,326.07,3528.02,161.71,209.73,198.94,205.01,397.58,86.86,140.86,243.19,492.86,406.77,1112.67,120.84,10,,,,,,,,,,,,,,14.0,3.0,8.0,3.0,5.0,7.0,5.0,4.0,5.0,13.0,11.0,7.0,5.0,3,5,1,3,1,7,3,4,2,5,6,0,3
2012-07,84.27,252.8,317.67,506.41,286.36,291.12,2631.64,1997.66,5172.27,5274.85,2090.01,2887.2,859.65,302.02,297.71,593.65,392.77,263.46,434.72,688.18,742.38,2253.53,2907.5,1962.92,2170.04,434.77,2638.84,477.12,524.13,593.54,553.25,795.64,594.32,641.03,1480.65,1512.42,1706.06,1648.38,353.36,4032.32,229.71,301.69,262.01,248.76,519.73,107.98,190.86,372.77,665.14,641.89,1514.97,160.2,9,,,,,,,,,,,,,,14.0,3.0,8.0,3.0,5.0,7.0,5.0,4.0,5.0,13.0,11.0,7.0,5.0,3,5,1,3,1,7,3,4,2,5,6,0,3
2012-08,111.82,331.45,468.5,756.38,418.66,426.65,3854.45,2916.91,8083.86,7866.76,2860.23,3984.09,1040.71,338.24,314.42,549.8,381.68,301.75,454.01,802.08,825.37,2260.76,2083.11,1543.65,1700.23,482.56,2068.25,450.87,508.97,681.81,515.5,808.96,649.99,786.33,1856.49,1897.47,1889.54,2017.05,468.67,3873.29,230.37,278.52,276.44,276.95,540.69,115.59,220.54,371.68,626.55,538.92,1402.6,179.01,10,,,,,,,,,,,,,,14.0,3.0,8.0,3.0,5.0,7.0,5.0,4.0,5.0,13.0,11.0,7.0,5.0,3,5,1,3,1,7,3,4,2,5,6,0,3
2012-09,62.79,72.43,81.63,160.87,74.85,108.27,493.07,452.28,1146.53,1182.96,382.35,699.04,228.48,107.91,72.44,124.18,115.59,106.98,166.19,118.97,131.1,544.32,687.51,257.92,694.04,186.68,2563.5,422.77,479.57,572.29,584.35,850.06,542.8,630.72,1297.41,1261.87,1407.6,1318.31,349.09,3419.24,158.85,221.14,205.63,216.34,454.17,74.35,136.16,270.15,589.27,378.15,1064.04,154.03,10,,,,,,,,,,,,,,14.0,3.0,8.0,3.0,5.0,7.0,5.0,4.0,5.0,13.0,11.0,7.0,5.0,3,5,1,3,1,7,3,4,2,5,6,0,3
2012-10,,,,,,,,,,,,,,,,,,,,,,,,,,,2616.46,372.42,415.41,487.51,575.27,796.52,450.49,466.17,1029.78,1017.1,1200.41,1031.17,142.82,3534.61,85.62,140.0,117.03,161.9,343.7,43.74,60.34,149.91,306.97,250.21,642.38,36.32,9,,,,,,,,,,,,,,14.0,3.0,8.0,3.0,5.0,7.0,5.0,4.0,5.0,13.0,11.0,7.0,5.0,3,5,1,3,1,7,3,4,2,5,6,0,3
2012-11,,,,,,,,,,,,,,,,,,,,,,,,,,,2695.67,333.81,367.92,430.29,538.28,728.82,422.22,417.56,854.68,687.52,1095.56,739.05,48.34,2418.56,40.48,67.92,67.06,122.13,215.53,29.01,30.94,73.54,113.66,165.7,282.07,6.05,9,,,,,,,,,,,,,,14.0,3.0,8.0,3.0,5.0,7.0,5.0,4.0,5.0,13.0,11.0,7.0,5.0,3,5,1,3,1,7,3,4,2,5,6,0,3
2012-12,,,,,,,,,,,,,,,,,,,,,,,,,,,2684.13,252.41,308.95,343.76,483.7,854.1,340.03,329.35,667.38,601.31,1295.84,717.72,36.92,2589.58,35.6,60.03,47.98,115.45,267.64,20.05,23.48,56.25,97.22,383.66,250.48,1.91,11,,,,,,,,,,,,,,14.0,3.0,8.0,3.0,5.0,7.0,5.0,4.0,5.0,13.0,11.0,7.0,5.0,3,5,1,3,1,7,3,4,2,5,6,0,3
2013-01,,,,,,,,,,,,,,,,,,,,,,,,,,,2288.67,237.72,281.22,303.47,431.01,545.54,341.35,293.47,615.87,531.9,1301.55,671.28,25.75,2054.86,34.31,48.76,41.38,68.85,139.54,20.88,16.55,46.77,100.4,554.7,222.47,1.72,9,,,,,,,,,,,,,,14.0,3.0,8.0,3.0,5.0,7.0,5.0,4.0,5.0,13.0,11.0,7.0,5.0,3,5,1,3,1,7,3,4,2,5,6,0,3
2013-02,,,,,,,,,,,,,,,,,,,,,,,,,,,2247.37,245.74,319.13,326.91,444.89,574.61,354.69,319.43,680.17,598.42,1497.51,785.36,30.26,2092.7,34.72,69.31,53.98,82.65,194.46,24.26,18.18,45.64,118.33,628.99,248.14,2.28,9,,,,,,,,,,,,,,14.0,3.0,8.0,3.0,5.0,7.0,5.0,4.0,5.0,13.0,11.0,7.0,5.0,3,5,1,3,1,7,3,4,2,5,6,0,3
2013-03,,,,,,,,,,,,,,,,,,,,,,,,,,,2492.49,332.79,405.3,451.07,542.82,694.27,421.51,434.6,914.2,781.55,1847.26,957.83,50.38,3004.56,59.75,89.41,88.73,128.1,260.1,36.16,41.12,95.39,175.43,623.11,453.07,6.1,11,,,,,,,,,,,,,,14.0,3.0,8.0,3.0,5.0,7.0,5.0,4.0,5.0,13.0,11.0,7.0,5.0,3,5,1,3,1,7,3,4,2,5,6,0,3
2013-04,64.87,48.94,24.96,141.99,60.66,41.83,524.43,417.57,778.62,551.47,186.96,510.92,38.55,157.99,19.69,26.23,59.13,63.44,52.66,46.85,56.24,129.36,286.55,89.06,350.26,34.59,2531.9,351.29,392.81,468.63,552.77,733.92,442.8,493.8,1021.78,928.31,1246.72,984.31,131.07,3145.44,82.93,117.51,118.29,159.57,310.64,39.7,55.78,119.8,301.3,343.36,615.18,27.41,9,,,,,,,,,,,,,,14.0,3.0,8.0,3.0,5.0,7.0,5.0,4.0,5.0,13.0,11.0,7.0,5.0,3,5,1,3,1,7,3,4,2,5,6,0,3
2013-05,84.3,117.9,79.78,197.11,109.0,88.73,705.51,607.39,1100.2,1001.19,442.07,726.18,91.7,206.35,50.27,98.05,105.7,120.43,139.51,91.08,118.98,239.68,575.72,228.52,576.88,106.53,2388.64,436.76,466.93,589.39,603.83,844.84,535.91,626.24,1270.32,1166.35,1338.84,1326.35,304.5,3916.99,141.46,177.66,184.36,205.23,420.89,63.44,95.82,200.41,464.76,312.06,889.15,92.3,12,,,,,,,,,,,,,,14.0,3.0,8.0,3.0,5.0,7.0,5.0,4.0,5.0,13.0,11.0,7.0,5.0,3,5,1,3,1,7,3,4,2,5,6,0,3
2013-06,83.21,94.83,97.14,159.71,85.16,101.32,522.2,456.15,1076.27,1283.23,500.05,818.1,239.14,133.44,100.53,179.04,163.2,122.12,196.5,249.12,258.36,633.95,909.39,474.94,915.92,177.28,2597.43,432.57,484.76,577.01,613.8,832.96,576.71,583.74,1206.5,1138.36,1493.21,1365.79,337.7,3827.45,167.98,206.5,217.89,207.28,419.75,90.23,132.83,258.93,467.39,449.5,1115.72,119.18,10,,,,,,,,,,,,,,14.0,3.0,8.0,3.0,5.0,7.0,5.0,4.0,5.0,13.0,11.0,7.0,5.0,3,5,1,3,1,7,3,4,2,5,6,0,3
2013-07,77.14,278.81,337.86,516.23,319.52,308.73,2567.26,2056.58,5089.31,5406.92,2036.9,2799.02,913.44,280.71,302.2,571.91,464.91,281.04,498.2,716.99,923.91,2408.68,2678.62,1960.74,2185.92,469.78,2212.66,443.3,502.81,602.25,582.62,806.07,589.58,626.22,1414.35,1401.97,1744.3,1529.88,335.68,4176.98,247.64,292.91,286.57,259.62,566.6,102.02,192.28,396.91,648.58,702.56,1494.53,172.22,9,,,,,,,,,,,,,,14.0,3.0,8.0,3.0,5.0,7.0,5.0,4.0,5.0,13.0,11.0,7.0,5.0,3,5,1,3,1,7,3,4,2,5,6,0,3
2013-08,102.87,368.99,484.57,762.27,446.43,418.21,3914.04,3167.91,7742.5,8082.04,2949.58,3969.79,1214.07,312.77,350.1,490.49,488.41,342.75,460.31,878.85,1102.69,2494.05,2176.86,1443.92,1687.03,661.94,1949.24,452.77,502.42,670.49,540.88,814.28,704.15,852.91,1887.68,1880.01,1910.95,1943.31,450.01,4274.92,254.02,285.01,345.58,290.94,599.72,116.64,257.46,418.65,642.58,605.57,1459.41,198.77,11,,,,,,,,,,,,,,14.0,3.0,8.0,3.0,5.0,7.0,5.0,4.0,5.0,13.0,11.0,7.0,5.0,3,5,1,3,1,7,3,4,2,5,6,0,3
2013-09,59.19,83.39,74.48,139.14,77.28,95.7,463.21,438.46,1058.64,1133.84,389.95,676.73,262.36,123.45,63.53,110.02,115.0,97.75,140.44,127.68,179.36,520.13,756.45,230.93,794.29,202.81,2346.63,386.0,466.16,519.74,574.1,813.18,525.8,603.15,1250.39,1210.82,1400.9,1284.31,346.96,3628.44,162.47,211.57,205.44,211.67,475.12,73.49,138.02,285.18,550.15,409.38,1117.92,142.76,9,,,,,,,,,,,,,,14.0,3.0,8.0,3.0,5.0,7.0,5.0,4.0,5.0,13.0,11.0,7.0,5.0,3,5,1,3,1,7,3,4,2,5,6,0,3
2013-10,,,,,,,,,,,,,,,,,,,,,,,,,,,2602.38,380.39,434.46,496.42,576.56,824.81,468.19,489.71,1071.44,962.61,1220.71,1020.24,151.07,3473.91,89.21,138.65,123.51,175.8,383.14,42.58,65.33,159.45,288.23,278.71,674.61,35.3,9,,,,,,,,,,,,,,14.0,3.0,8.0,3.0,5.0,7.0,5.0,4.0,5.0,13.0,11.0,7.0,5.0,3,5,1,3,1,7,3,4,2,5,6,0,3
2013-11,,,,,,,,,,,,,,,,,,,,,,,,,,,2530.6,309.15,338.7,411.19,540.1,704.14,384.69,407.63,809.65,664.06,1035.01,757.41,42.36,2486.9,43.37,69.46,66.82,117.95,230.86,28.89,34.12,78.69,130.09,180.64,262.15,3.86,11,,,,,,,,,,,,,,14.0,3.0,8.0,3.0,5.0,7.0,5.0,4.0,5.0,13.0,11.0,7.0,5.0,3,5,1,3,1,7,3,4,2,5,6,0,3
2013-12,,,,,,,,,,,,,,,,,,,,,,,,,,,2447.19,265.46,308.7,332.03,460.85,862.22,315.24,332.43,674.27,591.4,1243.7,654.32,35.64,2810.03,34.07,66.14,49.51,112.25,297.14,25.8,24.89,60.9,109.99,415.49,264.16,2.87,10,,,,,,,,,,,,,,14.0,3.0,8.0,3.0,5.0,7.0,5.0,4.0,5.0,13.0,11.0,7.0,5.0,3,5,1,3,1,7,3,4,2,5,6,0,3
2014-01,,,,,,,,,,,,,,,,,,,,,,,,,,,2268.61,239.85,285.88,305.83,420.53,556.18,324.5,301.63,593.58,556.49,1187.93,693.02,28.39,2167.88,28.92,63.02,42.17,73.15,156.67,25.14,22.04,55.76,90.82,565.42,239.07,2.35,9,,,,,,,,,,,,,,14.0,3.0,8.0,3.0,5.0,7.0,5.0,4.0,5.0,13.0,11.0,7.0,5.0,3,5,1,3,1,7,3,4,2,5,6,0,3
2014-02,,,,,,,,,,,,,,,,,,,,,,,,,,,2064.22,245.25,324.62,354.25,455.49,579.09,345.56,344.61,655.15,631.08,1507.82,806.09,28.59,2117.63,35.0,80.73,41.39,89.25,180.85,26.44,24.26,54.55,122.33,554.15,256.14,1.87,8,,,,,,,,,,,,,,14.0,3.0,8.0,3.0,5.0,7.0,5.0,4.0,5.0,13.0,11.0,7.0,5.0,3,5,1,3,1,7,3,4,2,5,6,0,3
2014-03,,,,,,,,,,,,,,,,,,,,,,,,,,,2508.9,305.69,369.94,421.74,526.04,650.62,388.31,400.29,862.91,738.63,1559.37,970.14,43.66,2710.27,48.87,92.03,83.37,125.56,231.8,30.62,31.77,79.83,128.17,598.23,411.07,3.91,10,,,,,,,,,,,,,,14.0,3.0,8.0,3.0,5.0,7.0,5.0,4.0,5.0,13.0,11.0,7.0,5.0,3,5,1,3,1,7,3,4,2,5,6,0,3
2014-04,93.89,50.46,30.37,135.43,69.3,48.78,515.32,437.51,763.01,682.27,218.6,581.31,50.83,127.12,19.4,27.03,60.34,92.15,50.15,50.02,52.39,121.23,148.84,70.02,251.13,16.86,2444.05,376.75,398.63,497.43,568.21,729.83,474.2,504.44,1003.92,905.16,1199.98,1047.31,124.5,3479.51,96.58,152.62,144.91,191.94,346.59,43.02,72.25,160.51,324.44,379.53,746.29,33.74,10,,,,,,,,,,,,,,14.0,3.0,8.0,3.0,5.0,7.0,5.0,4.0,5.0,13.0,11.0,7.0,5.0,3,5,1,3,1,7,3,4,2,5,6,0,3
2014-05,114.39,105.24,96.04,182.4,96.74,107.16,670.45,598.3,1028.1,1157.77,519.94,822.61,107.35,165.46,44.29,85.43,103.46,102.66,123.9,81.5,104.08,209.65,288.74,178.6,393.87,60.51,2476.79,411.12,435.46,540.12,604.44,805.52,510.63,574.92,1156.84,1069.89,1220.24,1300.31,274.68,3621.43,136.68,184.93,197.46,219.56,398.11,58.58,106.13,204.47,478.54,285.66,912.17,90.8,12,,,,,,,,,,,,,,14.0,3.0,8.0,3.0,5.0,7.0,5.0,4.0,5.0,13.0,11.0,7.0,5.0,3,5,1,3,1,7,3,4,2,5,6,0,3
2014-06,86.96,120.19,143.08,220.74,109.55,134.9,669.87,584.09,1245.88,1457.96,640.55,909.7,239.1,155.44,103.29,225.37,257.88,136.97,259.64,265.45,297.51,682.76,986.94,529.78,995.98,249.92,2507.01,440.27,481.59,560.33,620.68,840.13,605.65,583.76,1215.38,1163.75,1413.66,1304.2,320.36,3634.48,167.45,226.26,259.28,226.48,437.79,83.6,145.44,253.18,459.42,390.46,1072.62,129.99,10,,,,,,,,,,,,,,14.0,3.0,8.0,3.0,5.0,7.0,5.0,4.0,5.0,13.0,11.0,7.0,5.0,3,5,1,3,1,7,3,4,2,5,6,0,3
2014-07,113.21,269.39,328.42,523.14,320.66,320.47,2837.29,2267.55,5233.0,5276.23,1984.7,2655.16,776.97,342.45,295.55,446.0,466.4,293.76,379.2,715.86,931.77,2175.28,2304.7,1622.36,1959.83,424.3,2203.83,446.0,474.66,569.78,559.23,781.1,594.33,635.62,1381.54,1347.71,1637.9,1482.9,295.24,4181.8,225.83,309.55,294.07,278.89,561.11,96.42,197.69,416.32,629.52,537.85,1352.66,161.91,10,,,,,,,,,,,,,,14.0,3.0,8.0,3.0,5.0,7.0,5.0,4.0,5.0,13.0,11.0,7.0,5.0,3,5,1,3,1,7,3,4,2,5,6,0,3
2014-08,117.46,305.6,430.14,738.95,390.68,397.11,3917.86,3159.23,7660.93,7897.22,2784.01,3865.45,1019.41,435.18,366.7,475.17,477.18,278.61,386.33,855.66,1128.14,2542.41,2185.05,1522.93,1928.94,595.35,2062.08,411.9,496.47,635.69,539.61,823.46,693.86,802.96,1765.29,1788.41,1937.75,1881.81,418.3,4282.96,268.23,318.98,377.57,320.32,641.1,111.81,270.53,475.26,658.91,597.36,1450.64,193.3,12,,,,,,,,,,,,,,14.0,3.0,8.0,3.0,5.0,7.0,5.0,4.0,5.0,13.0,11.0,7.0,5.0,3,5,1,3,1,7,3,4,2,5,6,0,3
2014-09,116.7,75.98,82.97,157.51,81.97,105.95,504.24,506.89,1137.13,1193.59,402.78,770.88,228.67,135.45,64.6,125.84,123.67,99.72,156.42,118.29,194.51,679.28,817.78,292.95,930.58,244.15,2359.29,406.01,453.3,540.47,599.57,844.12,560.19,599.7,1232.35,1146.64,1365.69,1198.67,338.42,3433.42,157.99,224.09,240.04,235.87,473.35,71.29,148.24,305.09,539.79,377.5,1045.04,145.2,9,,,,,,,,,,,,,,14.0,3.0,8.0,3.0,5.0,7.0,5.0,4.0,5.0,13.0,11.0,7.0,5.0,3,5,1,3,1,7,3,4,2,5,6,0,3
2014-10,,,,,,,,,,,,,,,,,,,,,,,,,,,2574.29,372.56,424.47,501.4,600.6,790.68,455.22,506.21,1064.04,975.77,1231.85,977.46,144.69,3533.59,94.3,152.6,138.32,193.72,407.16,44.12,71.8,162.2,298.85,269.91,679.4,34.31,9,,,,,,,,,,,,,,14.0,3.0,8.0,3.0,5.0,7.0,5.0,4.0,5.0,13.0,11.0,7.0,5.0,3,5,1,3,1,7,3,4,2,5,6,0,3
2014-11,,,,,,,,,,,,,,,,,,,,,,,,,,,2443.96,283.81,334.0,388.39,517.6,668.95,369.06,386.64,739.52,618.71,950.75,645.62,32.83,2353.62,39.16,85.04,71.05,130.65,227.48,29.31,36.44,87.32,120.8,172.88,268.57,3.1,11,,,,,,,,,,,,,,14.0,3.0,8.0,3.0,5.0,7.0,5.0,4.0,5.0,13.0,11.0,7.0,5.0,3,5,1,3,1,7,3,4,2,5,6,0,3
2014-12,,,,,,,,,,,,,,,,,,,,,,,,,,,2512.25,258.78,315.69,329.85,463.59,890.55,334.04,337.62,673.83,593.8,1289.67,666.35,28.9,2797.11,33.34,85.05,53.92,127.88,336.9,23.77,29.74,83.53,106.28,414.63,287.85,2.43,10,,,,,,,,,,,,,,14.0,3.0,8.0,3.0,5.0,7.0,5.0,4.0,5.0,13.0,11.0,7.0,5.0,3,5,1,3,1,7,3,4,2,5,6,0,3
2015-01,,,,,,,,,,,,,,,,,,,,,,,,,,,2304.2,240.39,294.08,304.43,448.16,546.4,329.26,315.62,605.74,570.59,1266.02,707.14,26.14,2214.4,33.19,66.83,47.37,86.53,164.37,24.24,23.8,58.3,92.03,620.94,242.58,1.68,10,,,,,,,,,,,,,,14.0,3.0,8.0,3.0,5.0,7.0,5.0,4.0,5.0,13.0,11.0,7.0,5.0,3,5,1,3,1,7,3,4,2,5,6,0,3
2015-02,,,,,,,,,,,,,,,,,,,,,,,,,,,2139.99,277.76,345.41,353.56,454.48,586.66,340.66,363.63,714.95,643.72,1614.34,847.34,27.83,2148.12,28.67,99.28,50.51,107.03,206.46,25.8,26.84,56.35,117.06,650.88,254.36,1.83,8,,,,,,,,,,,,,,14.0,3.0,8.0,3.0,5.0,7.0,5.0,4.0,5.0,13.0,11.0,7.0,5.0,3,5,1,3,1,7,3,4,2,5,6,0,3
2015-03,,,,,,,,,,,,,,,,,,,,,,,,,,,2408.12,313.86,371.56,423.32,526.18,660.85,408.92,459.98,858.19,725.93,1578.61,919.63,39.65,2676.66,49.18,101.11,85.72,130.5,232.59,36.23,41.21,95.03,150.31,637.07,410.65,3.16,9,,,,,,,,,,,,,,14.0,3.0,8.0,3.0,5.0,7.0,5.0,4.0,5.0,13.0,11.0,7.0,5.0,3,5,1,3,1,7,3,4,2,5,6,0,3
2015-04,63.66,58.43,35.69,187.71,73.38,58.01,588.65,525.76,856.05,736.07,271.96,636.75,52.31,158.37,20.13,34.1,75.42,66.47,63.74,50.14,61.3,140.95,256.02,100.99,350.1,26.27,2446.68,376.85,391.84,516.97,567.86,705.65,503.66,528.89,1095.73,927.92,1252.02,1097.06,119.8,3247.12,82.88,158.7,142.0,209.56,351.25,50.63,70.56,177.27,335.23,422.9,710.16,22.2,10,,,,,,,,,,,,,,14.0,3.0,8.0,3.0,5.0,7.0,5.0,4.0,5.0,13.0,11.0,7.0,5.0,3,5,1,3,1,7,3,4,2,5,6,0,3
2015-05,80.94,136.81,117.71,250.71,130.58,119.92,758.54,699.69,1154.73,1251.85,632.52,900.47,119.7,201.98,50.52,117.72,117.06,109.28,156.33,81.62,122.77,255.03,520.84,246.78,566.96,92.28,2475.83,430.12,469.6,582.96,598.49,845.69,549.78,622.58,1217.67,1133.95,1329.26,1293.66,300.9,3660.2,131.06,215.9,191.72,237.13,434.93,72.29,106.85,214.16,481.45,323.44,924.14,83.75,14,,,,,,,,,,,,,,14.0,3.0,8.0,3.0,5.0,7.0,5.0,4.0,5.0,13.0,11.0,7.0,5.0,3,5,1,3,1,7,3,4,2,5,6,0,3
2015-06,106.34,108.34,135.7,198.57,108.52,128.7,668.7,618.88,1263.29,1434.59,649.32,835.76,257.21,168.59,108.47,198.2,195.46,131.66,218.22,245.88,307.25,740.22,929.36,482.27,892.87,201.61,2633.88,432.62,496.13,559.76,621.91,830.0,613.5,610.68,1231.64,1122.59,1469.87,1279.79,334.18,3677.34,150.37,225.57,228.42,223.66,424.61,92.05,144.85,288.79,462.71,438.74,1153.52,126.66,9,,,,,,,,,,,,,,14.0,3.0,8.0,3.0,5.0,7.0,5.0,4.0,5.0,13.0,11.0,7.0,5.0,3,5,1,3,1,7,3,4,2,5,6,0,3
2015-07,118.23,301.33,411.69,621.4,332.0,348.43,3097.39,2687.67,5826.28,5500.43,2261.63,2846.54,844.63,328.39,304.22,497.69,485.96,277.56,444.14,822.49,971.03,2272.02,2365.89,1609.79,1880.31,445.82,2279.82,457.29,492.52,585.99,574.7,786.9,645.58,686.91,1454.35,1412.64,1715.18,1529.94,344.29,4495.57,243.36,346.18,306.2,302.81,584.91,110.16,210.95,472.3,624.43,685.71,1458.21,173.04,10,,,,,,,,,,,,,,14.0,3.0,8.0,3.0,5.0,7.0,5.0,4.0,5.0,13.0,11.0,7.0,5.0,3,5,1,3,1,7,3,4,2,5,6,0,3
2015-08,95.61,329.52,500.17,763.65,413.31,418.65,3945.39,3246.41,7909.18,7755.66,3024.22,3871.68,1006.11,350.9,329.4,457.4,464.64,287.6,438.0,825.3,981.03,2357.24,1947.78,1351.03,1614.38,603.99,1994.61,447.29,497.55,627.74,538.66,837.19,724.98,837.97,1837.6,1747.44,1893.62,1833.5,452.52,4354.24,274.84,353.41,327.26,298.81,607.37,123.27,247.36,490.26,636.18,666.0,1530.18,191.87,10,,,,,,,,,,,,,,14.0,3.0,8.0,3.0,5.0,7.0,5.0,4.0,5.0,13.0,11.0,7.0,5.0,3,5,1,3,1,7,3,4,2,5,6,0,3
2015-09,59.38,77.83,94.29,144.25,74.47,110.1,504.43,519.92,1179.78,1248.15,417.15,768.7,287.54,113.63,63.11,114.51,121.21,88.39,144.42,130.05,192.87,672.12,777.67,296.91,948.69,207.52,2502.55,427.46,479.94,522.92,626.41,844.9,565.88,643.41,1280.48,1184.16,1423.34,1237.38,357.66,3518.41,171.23,235.59,216.49,235.57,465.66,85.91,160.17,310.7,552.22,394.36,1119.17,148.95,9,,,,,,,,,,,,,,14.0,3.0,8.0,3.0,5.0,7.0,5.0,4.0,5.0,13.0,11.0,7.0,5.0,3,5,1,3,1,7,3,4,2,5,6,0,3
2015-10,,,,,,,,,,,,,,,,,,,,,,,,,,,2679.42,406.44,441.6,490.25,620.27,804.24,478.87,520.09,1129.34,971.21,1243.53,1022.09,165.81,3438.89,95.07,169.83,122.11,190.43,390.24,52.82,72.39,194.79,328.14,263.49,695.87,39.43,10,,,,,,,,,,,,,,14.0,3.0,8.0,3.0,5.0,7.0,5.0,4.0,5.0,13.0,11.0,7.0,5.0,3,5,1,3,1,7,3,4,2,5,6,0,3
2015-11,,,,,,,,,,,,,,,,,,,,,,,,,,,2265.0,275.62,345.31,365.94,544.02,657.61,379.99,382.65,756.47,635.11,969.39,694.38,36.17,2203.08,41.86,94.74,59.69,126.17,230.9,30.87,33.41,88.82,120.38,179.41,268.61,2.66,10,,,,,,,,,,,,,,14.0,3.0,8.0,3.0,5.0,7.0,5.0,4.0,5.0,13.0,11.0,7.0,5.0,3,5,1,3,1,7,3,4,2,5,6,0,3
2015-12,,,,,,,,,,,,,,,,,,,,,,,,,,,2349.27,276.63,339.43,358.46,519.53,877.51,357.97,363.43,732.44,620.83,1212.1,673.98,28.84,2198.37,35.66,80.3,45.02,128.29,317.11,25.52,26.32,85.57,103.99,419.5,256.89,2.26,10,,,,,,,,,,,,,,14.0,3.0,8.0,3.0,5.0,7.0,5.0,4.0,5.0,13.0,11.0,7.0,5.0,3,5,1,3,1,7,3,4,2,5,6,0,3
2016-01,,,,,,,,,,,,,,,,,,,,,,,,,,,2202.84,249.22,294.43,306.14,475.35,536.84,343.05,324.65,608.74,559.54,1321.83,710.98,22.78,1863.85,30.23,74.77,36.74,101.32,155.78,26.16,23.2,66.21,101.66,587.92,245.31,1.92,11,5.525708502024291,6.321865059434121,9.0,7.0,13.0,4.445839921425197,6.0,6.0,7.0,9.886770006780951,9.129310818986854,9.0,10.0,14.0,3.0,8.0,3.0,5.0,7.0,5.0,4.0,5.0,13.0,11.0,7.0,5.0,3,5,1,3,1,7,3,4,2,5,6,0,3
2016-02,,,,,,,,,,,,,,,,,,,,,,,,,,,2033.36,278.25,370.57,358.02,489.22,619.87,378.52,390.66,746.18,683.82,1702.25,879.88,29.56,1875.41,27.49,89.88,51.32,122.17,206.2,32.8,25.61,63.24,132.31,717.36,261.6,2.44,9,6.262854251012146,6.66093252971706,9.0,8.0,14.0,5.590010441701199,7.0,7.0,7.0,9.088318918854615,9.50574775864914,9.0,11.0,14.0,3.0,8.0,3.0,5.0,7.0,5.0,4.0,5.0,13.0,11.0,7.0,5.0,3,5,1,3,1,7,3,4,2,5,6,0,3
2016-03,,,,,,,,,,,,,,,,,,,,,,,,,,,2421.03,351.41,395.11,444.35,570.46,708.78,462.74,478.7,910.85,780.1,1662.09,999.36,41.25,2653.72,55.47,127.83,90.16,154.82,286.31,46.41,51.5,128.64,219.97,796.69,510.61,6.07,10,7.262854251012146,7.66093252971706,9.0,9.0,14.0,6.590010441701199,8.0,8.0,8.0,10.088318918854615,10.129310818986854,10.0,12.0,14.0,3.0,8.0,3.0,5.0,7.0,5.0,4.0,5.0,13.0,11.0,7.0,5.0,3,5,1,3,1,7,3,4,2,5,6,0,3
2016-04,84.47,54.97,42.98,168.69,87.42,63.9,568.08,475.79,861.88,794.73,270.78,600.34,56.14,130.94,21.46,39.93,69.04,56.25,43.32,49.28,62.54,158.93,156.92,121.05,222.43,28.22,2304.61,397.57,407.86,487.04,585.65,725.51,528.3,538.18,1092.72,953.71,1322.2,1107.33,132.94,2625.42,74.89,137.42,117.67,193.94,314.83,51.81,59.05,152.64,287.3,389.94,614.1,23.35,10,11.0,11.66093252971706,11.0,12.0,18.0,11.0,11.0,12.0,11.0,12.596902175852675,13.129310818986854,12.0,16.0,14.0,3.0,8.0,3.0,5.0,7.0,5.0,4.0,5.0,13.0,11.0,7.0,5.0,3,5,1,3,1,7,3,4,2,5,6,0,3
2016-05,82.75,109.27,109.55,200.52,124.4,104.54,606.74,527.55,943.33,998.65,536.1,670.01,106.07,143.57,50.07,120.63,92.97,108.92,184.12,72.15,100.94,252.44,556.57,266.86,572.62,88.56,2405.99,457.44,484.06,560.24,634.35,830.73,570.4,616.7,1209.33,1082.29,1383.36,1250.48,272.7,3202.97,115.94,192.26,181.36,228.33,444.14,74.69,106.93,229.03,463.84,348.61,872.39,96.19,11,14.262854251012145,15.0,15.0,16.0,20.0,16.0,16.0,16.0,15.0,16.596902175852676,16.752873879324568,16.0,19.0,14.0,3.0,8.0,3.0,5.0,7.0,5.0,4.0,5.0,13.0,11.0,7.0,5.0,3,5,1,3,1,7,3,4,2,5,6,0,3
2016-06,87.14,80.84,112.52,177.25,105.45,110.29,626.44,560.77,1256.62,1561.54,634.01,911.0,287.3,154.09,77.42,142.04,153.53,143.29,158.96,210.71,263.34,674.51,915.47,461.28,888.43,206.09,2389.9,454.34,483.11,522.83,597.52,829.44,621.98,610.48,1186.89,1156.51,1463.41,1219.32,336.15,3289.49,135.79,213.26,208.56,314.89,419.22,93.99,138.72,342.35,489.11,543.2,1172.94,136.53,9,19.0,18.66093252971706,17.0,19.0,24.0,19.0,17.60978216452394,19.0,17.0,19.289867830928277,20.50574775864914,19.0,23.0,14.0,3.0,8.0,3.0,5.0,7.0,5.0,4.0,5.0,13.0,11.0,7.0,5.0,3,5,1,3,1,7,3,4,2,5,6,0,3
2016-07,111.81,321.37,414.76,577.32,336.18,326.57,3154.81,2565.47,6008.11,5885.5,2418.82,2882.78,840.21,242.5,272.9,472.39,400.42,248.67,419.38,645.25,788.37,2107.72,2335.8,1545.07,1775.06,447.5,2170.25,505.93,529.57,605.77,570.49,806.89,704.18,700.76,1537.83,1430.76,1796.22,1547.47,368.31,3735.99,212.46,313.67,294.63,313.21,587.44,120.88,207.59,480.44,658.96,736.89,1340.68,180.92,12,22.0,22.0,19.0,22.0,27.0,21.554160078574803,20.0,21.0,19.0,22.49141674300194,24.129310818986855,21.0,26.0,14.0,3.0,8.0,3.0,5.0,7.0,5.0,4.0,5.0,13.0,11.0,7.0,5.0,3,5,1,3,1,7,3,4,2,5,6,0,3
2016-08,106.32,356.85,500.36,756.65,435.73,422.58,3864.42,3208.32,7849.76,7541.95,3063.7,3640.17,963.49,306.43,332.65,540.19,455.68,287.71,486.29,830.17,1032.27,2682.81,2376.59,1602.11,1786.55,615.86,1760.68,509.63,526.04,663.88,552.11,820.62,758.18,844.21,1868.47,1782.39,1886.7,1820.4,447.04,3289.48,211.92,295.43,308.5,280.85,593.6,114.67,225.59,478.46,637.41,645.29,1271.62,208.05,10,22.0,22.66093252971706,20.0,24.0,26.0,21.855829479724,21.60978216452394,23.0,21.0,23.49141674300194,24.129310818986855,23.0,26.0,14.0,3.0,8.0,3.0,5.0,7.0,5.0,4.0,5.0,13.0,11.0,7.0,5.0,3,5,1,3,1,7,3,4,2,5,6,0,3
2016-09,52.87,80.24,104.28,177.14,106.54,120.67,578.39,580.15,1320.43,1349.3,500.84,790.45,282.86,97.35,58.89,128.76,116.73,96.73,164.8,137.93,189.74,699.63,839.18,307.88,761.24,242.89,2387.06,430.19,468.75,553.28,596.59,826.98,599.45,654.12,1303.73,1188.85,1419.45,1252.54,373.62,3107.19,142.47,219.54,212.94,230.24,469.1,77.66,148.46,306.05,528.57,413.97,978.2,158.8,9,19.262854251012147,20.66093252971706,19.0,21.0,25.0,20.144170520276003,20.0,21.0,19.0,21.289867830928277,22.129310818986855,21.0,24.0,14.0,3.0,8.0,3.0,5.0,7.0,5.0,4.0,5.0,13.0,11.0,7.0,5.0,3,5,1,3,1,7,3,4,2,5,6,0,3
2016-10,,,,,,,,,,,,,,,,,,,,,,,,,,,2647.73,425.18,449.78,552.42,621.16,853.36,521.44,577.59,1228.04,1033.05,1333.28,1056.58,174.93,3132.42,75.72,148.41,129.33,185.82,419.04,54.26,73.82,195.34,314.49,281.73,626.61,45.22,10,11.262854251012145,11.66093252971706,14.0,13.0,20.0,11.445839921425197,12.390217835476063,13.0,13.0,15.579735661856553,16.129310818986855,14.0,18.0,14.0,3.0,8.0,3.0,5.0,7.0,5.0,4.0,5.0,13.0,11.0,7.0,5.0,3,5,1,3,1,7,3,4,2,5,6,0,3
2016-11,,,,,,,,,,,,,,,,,,,,,,,,,,,2497.97,303.67,378.21,402.77,526.95,718.18,426.21,410.87,829.46,676.4,1047.6,750.46,38.0,2323.3,40.95,90.95,70.84,139.52,241.72,37.58,37.64,94.06,141.97,198.01,285.21,3.35,10,7.525708502024291,7.66093252971706,11.0,9.0,16.0,7.0,8.390217835476063,9.0,10.0,12.088318918854615,11.50574775864914,11.0,13.0,14.0,3.0,8.0,3.0,5.0,7.0,5.0,4.0,5.0,13.0,11.0,7.0,5.0,3,5,1,3,1,7,3,4,2,5,6,0,3
2016-12,,,,,,,,,,,,,,,,,,,,,,,,,,,2571.71,278.93,333.53,367.83,498.17,907.0,377.74,376.98,756.92,635.08,1253.44,748.66,32.85,2625.31,37.02,85.38,55.28,133.34,339.14,29.81,33.1,92.42,134.51,432.16,270.72,2.07,10,4.525708502024291,5.0,11.0,6.0,14.0,4.445839921425197,6.390217835476063,6.0,8.0,10.088318918854615,10.129310818986854,9.0,11.0,14.0,3.0,8.0,3.0,5.0,7.0,5.0,4.0,5.0,13.0,11.0,7.0,5.0,3,5,1,3,1,7,3,4,2,5,6,0,3
2017-01,,,,,,,,,,,,,,,,,,,,,,,,,,,2422.07,248.85,308.47,319.66,450.35,559.9,353.95,339.41,619.64,565.87,1326.43,735.96,26.12,2322.5,32.72,73.79,52.24,89.97,181.19,34.69,29.51,75.47,112.21,602.37,264.37,2.42,9,0.5257085020242915,0.9827975891511803,8.0,4.0,10.0,0.30166940114919655,3.3902178354760633,3.0,6.0,6.395353263779012,5.5057477586491395,6.0,8.0,14.0,3.0,8.0,3.0,5.0,7.0,5.0,4.0,5.0,13.0,11.0,7.0,5.0,3,5,1,3,1,7,3,4,2,5,6,0,3
2017-02,,,,,,,,,,,,,,,,,,,,,,,,,,,2123.11,272.01,361.2,381.27,460.06,623.39,370.95,391.25,795.44,678.06,1693.33,863.21,31.46,2156.76,32.6,94.07,51.68,112.95,218.78,30.35,28.29,78.7,134.86,652.27,284.86,2.31,9,6.525708502024291,7.66093252971706,10.0,9.0,14.0,7.0,8.0,8.0,9.0,11.088318918854615,10.75287387932457,10.0,12.0,14.0,3.0,8.0,3.0,5.0,7.0,5.0,4.0,5.0,13.0,11.0,7.0,5.0,3,5,1,3,1,7,3,4,2,5,6,0,3
2017-03,,,,,,,,,,,,,,,,,,,,,,,,,,,2580.36,333.03,390.42,443.09,557.8,694.98,451.74,488.63,922.57,762.87,1570.79,980.81,45.68,2729.1,51.07,117.31,82.33,135.3,265.41,39.44,40.08,109.47,165.3,660.99,428.89,4.93,9,9.525708502024292,10.66093252971706,12.0,12.0,16.0,11.0,11.0,12.0,11.0,13.289867830928277,13.129310818986854,12.0,14.0,14.0,3.0,8.0,3.0,5.0,7.0,5.0,4.0,5.0,13.0,11.0,7.0,5.0,3,5,1,3,1,7,3,4,2,5,6,0,3
2017-04,86.05,95.92,54.97,218.04,137.97,90.47,778.99,721.45,1258.1,1023.78,384.62,744.89,77.73,160.99,21.61,43.38,66.63,83.48,91.13,33.78,44.4,306.74,277.81,149.52,379.63,19.26,2471.69,428.11,431.36,570.99,612.36,774.96,573.52,607.0,1225.3,1006.39,1345.92,1245.49,162.45,3472.26,92.01,166.32,169.78,228.64,418.01,62.83,83.1,212.16,383.14,467.88,766.26,33.44,11,10.262854251012145,10.66093252971706,11.0,11.0,16.0,10.0,10.609782164523937,11.0,11.0,12.491416743001938,13.75287387932457,12.0,15.0,14.0,3.0,8.0,3.0,5.0,7.0,5.0,4.0,5.0,13.0,11.0,7.0,5.0,3,5,1,3,1,7,3,4,2,5,6,0,3
2017-05,88.99,118.16,123.57,228.34,149.64,120.87,669.04,644.29,1052.54,1048.14,559.16,688.36,112.2,126.67,46.55,100.46,82.57,101.05,145.21,70.33,95.11,261.22,358.94,193.12,358.06,67.13,2541.97,442.91,474.61,559.78,601.58,843.12,556.51,626.24,1202.36,1054.41,1310.82,1240.47,294.42,3401.73,121.04,177.5,191.92,200.95,401.93,78.33,98.95,215.28,456.77,356.12,851.62,81.82,11,14.525708502024292,15.66093252971706,15.0,17.0,19.0,16.0,15.609782164523937,16.0,15.0,17.49141674300194,17.752873879324568,17.0,18.0,14.0,3.0,8.0,3.0,5.0,7.0,5.0,4.0,5.0,13.0,11.0,7.0,5.0,3,5,1,3,1,7,3,4,2,5,6,0,3
2017-06,97.52,137.1,165.09,239.1,163.26,159.07,801.94,760.17,1467.32,1703.45,807.27,1012.06,289.88,136.64,107.23,224.78,185.58,151.3,269.82,232.88,313.76,799.23,1166.25,531.82,935.96,276.71,2638.82,467.49,500.66,573.38,613.79,865.35,644.35,651.68,1255.62,1127.91,1509.71,1278.61,360.01,3682.59,149.1,225.38,233.21,232.98,467.18,95.04,145.7,297.6,500.04,496.25,1106.95,129.94,10,20.262854251012147,21.66093252971706,18.0,21.0,24.0,21.0,19.60978216452394,21.0,19.0,21.49141674300194,23.129310818986855,21.0,24.0,14.0,3.0,8.0,3.0,5.0,7.0,5.0,4.0,5.0,13.0,11.0,7.0,5.0,3,5,1,3,1,7,3,4,2,5,6,0,3
2017-07,114.31,330.68,436.13,616.76,370.44,353.92,3049.49,2717.08,6025.42,5759.27,2392.51,3000.5,849.53,245.42,270.06,486.84,435.6,252.88,429.87,712.27,800.9,2169.82,2422.98,1581.45,1813.34,480.81,2476.3,519.82,551.07,605.89,588.29,861.2,669.3,715.28,1559.34,1400.22,1806.94,1622.75,385.09,4113.31,219.11,317.12,292.14,283.88,610.69,119.79,209.72,470.69,665.9,752.21,1446.98,168.81,11,24.0,22.66093252971706,21.0,23.0,30.0,22.288341040552005,21.0,23.0,20.0,23.6929656550756,26.129310818986855,23.0,29.0,14.0,3.0,8.0,3.0,5.0,7.0,5.0,4.0,5.0,13.0,11.0,7.0,5.0,3,5,1,3,1,7,3,4,2,5,6,0,3
2017-08,96.76,369.41,513.09,780.79,451.1,442.43,3900.75,3458.34,8106.51,7776.18,3164.74,3799.31,1013.2,305.93,352.98,597.42,512.21,296.22,508.43,923.37,1049.0,2719.49,2350.72,1707.31,1771.36,583.63,1929.61,494.16,539.67,654.85,560.03,884.34,750.62,877.86,1885.21,1742.38,1921.95,1925.5,485.88,3765.12,244.16,294.5,324.91,296.45,645.02,119.4,253.5,501.94,683.88,670.92,1440.02,195.99,10,25.0,24.0,20.0,24.0,31.0,22.842501119126805,21.60978216452394,24.0,21.0,24.49141674300194,26.129310818986855,23.0,29.0,14.0,3.0,8.0,3.0,5.0,7.0,5.0,4.0,5.0,13.0,11.0,7.0,5.0,3,5,1,3,1,7,3,4,2,5,6,0,3
2017-09,63.76,77.69,113.09,159.92,104.33,121.57,557.66,561.79,1333.65,1469.73,511.84,853.81,304.98,94.98,64.11,131.17,108.59,96.4,161.58,132.07,180.33,656.52,914.19,320.48,872.68,238.84,2457.28,434.84,491.42,553.37,618.07,872.7,613.33,657.08,1292.05,1197.92,1449.89,1302.12,401.71,3582.99,160.07,233.69,219.36,232.37,499.12,87.32,158.2,346.2,578.34,481.35,1065.19,149.49,10,16.262854251012147,16.32186505943412,16.0,17.0,22.0,16.144170520276003,17.0,18.0,16.0,18.088318918854615,19.129310818986855,18.0,21.0,14.0,3.0,8.0,3.0,5.0,7.0,5.0,4.0,5.0,13.0,11.0,7.0,5.0,3,5,1,3,1,7,3,4,2,5,6,0,3
2017-10,,,,,,,,,,,,,,,,,,,,,,,,,,,2701.4,405.76,449.53,522.27,603.49,849.84,512.84,553.45,1167.51,1027.6,1317.54,1125.72,184.71,3498.46,95.2,159.78,136.31,197.47,417.06,63.33,83.74,216.12,362.09,299.06,702.98,42.64,9,15.262854251012145,14.66093252971706,16.0,16.0,21.0,14.288341040552002,15.0,17.0,16.0,17.289867830928277,17.752873879324568,17.0,20.0,14.0,3.0,8.0,3.0,5.0,7.0,5.0,4.0,5.0,13.0,11.0,7.0,5.0,3,5,1,3,1,7,3,4,2,5,6,0,3
2017-11,,,,,,,,,,,,,,,,,,,,,,,,,,,2708.99,326.6,369.85,436.61,555.4,776.54,445.84,445.19,839.62,697.67,1113.5,791.97,42.37,2635.03,50.97,102.13,69.11,147.21,260.18,39.98,43.28,109.57,149.66,213.34,328.98,3.83,9,6.525708502024291,7.66093252971706,12.0,9.0,15.0,7.590010441701198,9.390217835476063,10.0,11.0,10.886770006780951,10.129310818986854,11.0,13.0,14.0,3.0,8.0,3.0,5.0,7.0,5.0,4.0,5.0,13.0,11.0,7.0,5.0,3,5,1,3,1,7,3,4,2,5,6,0,3
2017-12,,,,,,,,,,,,,,,,,,,,,,,,,,,2655.76,297.19,338.16,368.23,501.89,928.05,391.57,379.62,718.16,668.17,1270.75,740.94,31.98,2981.15,43.37,94.76,56.25,150.94,377.27,35.19,36.02,121.58,168.06,454.5,297.49,3.14,12,2.5257085020242913,4.321865059434121,10.0,7.0,11.0,4.590010441701198,7.0,7.0,9.0,8.19380435170535,7.129310818986855,9.0,9.0,14.0,3.0,8.0,3.0,5.0,7.0,5.0,4.0,5.0,13.0,11.0,7.0,5.0,3,5,1,3,1,7,3,4,2,5,6,0,3
2018-01,,,,,,,,,,,,,,,,,,,,,,,,,,,2453.27,263.71,306.35,316.97,457.68,589.63,367.57,347.29,637.87,597.66,1271.09,754.81,24.82,2487.21,37.04,79.03,46.38,112.45,209.19,45.09,33.71,92.76,128.87,579.57,273.4,2.06,9,,,,,,,,,,,,,,14.0,3.0,8.0,3.0,5.0,7.0,5.0,4.0,5.0,13.0,11.0,7.0,5.0,3,5,1,3,1,7,3,4,2,5,6,0,3
2018-02,,,,,,,,,,,,,,,,,,,,,,,,,,,2276.45,274.76,340.01,361.79,442.51,597.22,394.33,375.33,709.13,679.61,1551.92,850.8,29.49,2413.45,38.36,105.2,64.87,128.04,252.28,52.75,35.67,83.74,144.42,694.34,310.16,2.41,9,,,,,,,,,,,,,,14.0,3.0,8.0,3.0,5.0,7.0,5.0,4.0,5.0,13.0,11.0,7.0,5.0,3,5,1,3,1,7,3,4,2,5,6,0,3
2018-03,,,,,,,,,,,,,,,,,,,,,,,,,,,2671.91,342.79,414.3,445.37,524.85,699.66,469.12,476.93,962.14,796.92,1722.04,1027.02,42.67,3288.0,63.34,136.04,100.69,164.56,328.5,49.91,55.77,149.18,217.54,762.21,506.48,7.82,10,,,,,,,,,,,,,,14.0,3.0,8.0,3.0,5.0,7.0,5.0,4.0,5.0,13.0,11.0,7.0,5.0,3,5,1,3,1,7,3,4,2,5,6,0,3
2018-04,,,,,,,,,,,,,,,,,,,,,,,,,,,2462.12,420.93,400.27,546.89,577.02,734.32,573.27,551.84,1091.46,955.46,1312.37,1107.88,156.78,3629.18,99.69,160.26,152.81,220.14,405.74,67.0,83.8,193.9,352.49,464.91,707.53,33.7,10,,,,,,,,,,,,,,14.0,3.0,8.0,3.0,5.0,7.0,5.0,4.0,5.0,13.0,11.0,7.0,5.0,3,5,1,3,1,7,3,4,2,5,6,0,3
2018-05,,,,,,,,,,,,,,,,,,,,,,,,,,,2426.67,464.64,476.85,603.57,601.43,815.59,611.31,646.32,1217.16,1110.27,1356.11,1199.99,311.46,3799.6,131.28,204.57,205.74,230.85,484.77,84.86,125.67,249.51,476.86,380.31,902.82,94.66,12,,,,,,,,,,,,,,14.0,3.0,8.0,3.0,5.0,7.0,5.0,4.0,5.0,13.0,11.0,7.0,5.0,3,5,1,3,1,7,3,4,2,5,6,0,3
