,region,with_gdp,trend_model,lag,periods,MAE,RMSE,Max_error,MASE
0,PDL,False,Holt,5,2,26.796351984610354,29.931306558402063,0.06919807742371237,8.235934731743367
1,PDL,False,Holt,5,3,28.924231278706078,41.75302247424275,0.13523471466539227,8.861571464421207
2,PDL,False,Holt,5,4,28.176104816756055,34.69069373155264,0.08743503043963566,9.39965098246088
3,PDL,False,Holt,5,5,50.309744116178145,56.563977458856634,0.11325673710747114,8.08635102897169
4,PDL,False,Holt,5,6,85.24884724358023,90.35150662421722,0.18702183693551716,7.461205417211105
5,PDL,False,Holt,6,2,26.79635198460812,29.93130655840031,0.06919807742371051,8.23593473174335
6,PDL,False,Holt,6,3,28.1127587416033,34.8820957220337,0.10101644373046781,8.721301187668061
7,PDL,False,Holt,6,4,28.10372851807982,34.03701458277278,0.09078331022264875,9.272341103571158
8,PDL,False,Holt,6,5,49.68755561848415,55.47806705539334,0.1089425594007133,8.070916177168126
9,PDL,False,Holt,6,6,85.24431785434062,89.60663263416983,0.17548894560381706,7.5452271964249595
10,PDL,False,Holt,7,2,26.796351984608595,29.931306558400856,0.06919807742371303,8.235934731743361
11,PDL,False,Holt,7,3,28.112758741669797,34.88209572209691,0.10101644373069385,8.721301187668852
12,PDL,False,Holt,7,4,23.301497873840642,29.41244656030433,0.09416003050248585,9.311767576844915
13,PDL,False,Holt,7,5,48.72778739151647,53.74605954863701,0.1046005150910472,7.891363233862834
14,PDL,False,Holt,7,6,85.20326876268739,89.18738351082602,0.1766143656208857,7.412923764441086
15,PDL,False,Holt,8,2,26.796351984608577,29.931306558400824,0.06919807742371281,8.235934731743354
16,PDL,False,Holt,8,3,28.112758741666497,34.88209572209346,0.10101644373068042,8.721301187668939
17,PDL,False,Holt,8,4,29.29422730525558,36.700155008832326,0.10960505490744292,9.553539218867687
18,PDL,False,Holt,8,5,48.36025439124253,54.6519331869851,0.10657422319692239,7.567045734664953
19,PDL,False,Holt,8,6,85.63772725773282,90.02141268279571,0.18105291985427688,7.4073047377772845
20,PDL,False,Holt,9,2,26.796351984609355,29.931306558401467,0.06919807742371392,8.235934731743363
21,PDL,False,Holt,9,3,28.112758741663544,34.88209572209033,0.10101644373067183,8.721301187668924
22,PDL,False,Holt,9,4,25.75353972957905,31.225571883310035,0.08439106045927512,9.70214623350722
23,PDL,False,Holt,9,5,50.198092593527726,56.944962374221696,0.11727043360501628,7.643548941125216
24,PDL,False,Holt,9,6,87.52609424075814,92.13972640981969,0.17825384936590175,7.498091990184927
25,PDL,False,Holt,10,2,26.79635198460862,29.931306558400863,0.06919807742371281,8.235934731743347
26,PDL,False,Holt,10,3,28.112758741663423,34.88209572209046,0.10101644373067321,8.721301187668898
27,PDL,False,Holt,10,4,25.75353972949164,31.22557188319846,0.08439106045883797,9.702146233506788
28,PDL,False,Holt,10,5,50.56325405205979,61.1695564848815,0.13950678820270024,7.252096201873485
29,PDL,False,Holt,10,6,86.50230579338391,90.5218627965885,0.1665973108234268,7.4259831108673
30,PDL,False,Holt,11,2,26.796351984608048,29.931306558400387,0.06919807742371215,8.235934731743342
31,PDL,False,Holt,11,3,28.112758741666312,34.882095722093354,0.10101644373068111,8.721301187668924
32,PDL,False,Holt,11,4,25.75353972951783,31.225571883232217,0.08439106045895099,9.70214623350701
33,PDL,False,Holt,11,5,42.98605079368374,50.1777083428029,0.114013592707359,7.260854695142454
34,PDL,False,Holt,11,6,86.39575630368496,91.20924208515859,0.16608350653863507,7.395057245661035
35,PDL,False,Holt,12,2,26.992877425471832,30.20269742714078,0.06807754444634959,8.278792358274755
36,PDL,False,Holt,12,3,31.500476175402202,39.30189887019776,0.11426524993715058,8.802440615961123
37,PDL,False,Holt,12,4,19.662823937740328,23.554295510137024,0.05951395412817407,10.015488175258206
38,PDL,False,Holt,12,5,132.76595489746563,150.35674437677622,0.28347286140219935,7.4786035586147355
39,PDL,False,Holt,12,6,82.53385000947047,88.08898221127008,0.17917966323133408,7.2171045714948265
40,PDL,False,Holt,13,2,29.7639530409719,32.108171734670954,0.06880339842318015,8.46501349335353
41,PDL,False,Holt,13,3,31.001994244415318,38.94105609909901,0.11178729886237614,8.74550749535481
42,PDL,False,Holt,13,4,20.099128275182196,24.07722799642395,0.0682386931841391,9.867694380934028
43,PDL,False,Holt,13,5,42.559199446564165,46.686166089431254,0.08358522409755757,7.897995368546087
44,PDL,False,Holt,13,6,82.33322006689029,89.81454681048804,0.20567285645107847,6.862129818435007
45,PDL,False,Holt,14,2,30.015660076632418,32.400361672437676,0.07188680458196388,8.499528475519456
46,PDL,False,Holt,14,3,32.04071618289479,42.68010784256286,0.1336891395776296,9.137835187634684
47,PDL,False,Holt,14,4,23.158959774135834,29.457713970226845,0.08788244954122491,10.410102685447
48,PDL,False,Holt,14,5,47.98017948216104,61.67522666132319,0.1545159618922746,7.386518135701822
49,PDL,False,Holt,14,6,67.31382741875156,73.72645636442752,0.14523550005950628,7.18514167720463
50,PDL,False,Holt,15,2,29.63966161777574,32.276600790815515,0.07244914717442562,8.458691129240805
51,PDL,False,Holt,15,3,31.433042396679827,41.63127276191608,0.12944559987273885,9.322087313080635
52,PDL,False,Holt,15,4,51.84782906655721,61.35984958240829,0.1681131094769205,10.787710652354955
53,PDL,False,Holt,15,5,52.590292572796876,65.0049378616628,0.14231291568691826,7.127477506351889
54,PDL,False,Holt,15,6,92.02139934056255,107.3200120288213,0.24842178878125937,7.348973854642035
55,PDL,False,ARIMA,5,2,43.79529177265146,49.67487483190439,0.0926642696134666,6.451048295600046
56,PDL,False,ARIMA,5,3,25.04366378708511,38.68297379711548,0.13392601320932307,7.77121830567587
57,PDL,False,ARIMA,5,4,22.88022485282431,28.636801995585984,0.06868574651253505,8.087876561943645
58,PDL,False,ARIMA,5,5,34.07830334431282,41.92635411123979,0.09516444147529877,7.236758512160379
59,PDL,False,ARIMA,5,6,13.232008784923556,20.129908368595913,0.06284197252084045,5.922563547232234
60,PDL,False,ARIMA,6,2,43.79529177265399,49.67487483190708,0.09266426961347418,6.451048295600033
61,PDL,False,ARIMA,6,3,22.96502855477287,31.893064314028393,0.09965595770145592,7.644804381585238
62,PDL,False,ARIMA,6,4,22.277560616555164,28.119637793519832,0.07002180630624351,8.00945497154515
63,PDL,False,ARIMA,6,5,32.76902479826543,40.75737459330559,0.09076224124641227,7.220172897393065
64,PDL,False,ARIMA,6,6,12.360781601913638,18.76475852160946,0.04960769015667104,6.004729375593766
65,PDL,False,ARIMA,7,2,43.79529177265346,49.67487483190671,0.09266426961347254,6.4510482956000414
66,PDL,False,ARIMA,7,3,22.965028554826574,31.89306431408322,0.09965595770168224,7.6448043815859466
67,PDL,False,ARIMA,7,4,19.169607347478784,25.603976643351203,0.07199562435915254,8.031007546381167
68,PDL,False,ARIMA,7,5,31.99679012706858,38.78354704126259,0.08633160585002937,7.027233179804622
69,PDL,False,ARIMA,7,6,15.18685643102115,19.866073159176064,0.05072997510894197,5.875348384311022
70,PDL,False,ARIMA,8,2,43.79529177265348,49.674874831906706,0.0926642696134727,6.451048295600035
71,PDL,False,ARIMA,8,3,22.965028554824247,31.893064314080316,0.09965595770166881,7.644804381586029
72,PDL,False,ARIMA,8,4,22.928847387535857,34.43021272633471,0.0983159105373447,8.200041052995509
73,PDL,False,ARIMA,8,5,33.248462250292185,39.87864717840358,0.08834558368451419,6.734738753895627
74,PDL,False,ARIMA,8,6,17.027918101337445,22.41800376538715,0.05589547167983597,5.869853475910646
75,PDL,False,ARIMA,9,2,43.79529177265258,49.67487483190578,0.09266426961347032,6.451048295600043
76,PDL,False,ARIMA,9,3,22.965028554821256,31.89306431407701,0.09965595770166022,7.644804381586013
77,PDL,False,ARIMA,9,4,18.852420022173007,25.732244931863093,0.07398830547614058,8.308356220892533
78,PDL,False,ARIMA,9,5,34.82499553201007,42.10752587963261,0.0924491862846083,6.803244579054746
79,PDL,False,ARIMA,9,6,17.908724501844002,22.783965628202385,0.05452716696144423,5.958635335430127
80,PDL,False,ARIMA,10,2,43.79529177265342,49.67487483190664,0.09266426961347254,6.451048295600032
81,PDL,False,ARIMA,10,3,22.965028554821245,31.893064314077343,0.09965595770166161,7.64480438158599
82,PDL,False,ARIMA,10,4,18.852420022134506,25.732244931795144,0.07398830547619534,8.308356220892218
83,PDL,False,ARIMA,10,5,37.61658362549083,47.21580289235964,0.11530076388521157,6.488885232163662
84,PDL,False,ARIMA,10,6,14.93328679249455,18.015148814206913,0.03907233627297441,5.888119263802145
85,PDL,False,ARIMA,11,2,43.79529177265406,49.67487483190728,0.09266426961347314,6.451048295600026
86,PDL,False,ARIMA,11,3,22.965028554823917,31.893064314079975,0.0996559577016695,7.644804381586013
87,PDL,False,ARIMA,11,4,18.8524200221452,25.73224493181505,0.07398830547618278,8.308356220892378
88,PDL,False,ARIMA,11,5,32.460676686103895,38.06455779805959,0.08898635266500762,6.495159560640108
89,PDL,False,ARIMA,11,6,16.102038412005523,19.73653835886162,0.04903657829891461,5.8578765177398155
90,PDL,False,ARIMA,12,2,43.56960630007757,49.516407159247755,0.09273967582557734,6.483764787097199
91,PDL,False,ARIMA,12,3,25.60173707319605,34.56158720673187,0.112924814125542,7.717928594115647
92,PDL,False,ARIMA,12,4,22.161825692196597,26.706821473061954,0.07169788837949519,8.537884900727004
93,PDL,False,ARIMA,12,5,119.56667481263734,140.198851196468,0.26885349933600333,6.655542017843318
94,PDL,False,ARIMA,12,6,13.892085646707741,20.23132951179726,0.05371541480694243,5.683854627001219
95,PDL,False,ARIMA,13,2,40.410825444237354,46.56724982642289,0.08807004964287964,6.625921567009705
96,PDL,False,ARIMA,13,3,25.2887517101463,34.040289542489774,0.11044311301797302,7.666619511727258
97,PDL,False,ARIMA,13,4,21.99578977736792,26.909813444941964,0.06843840207835633,8.429019269181817
98,PDL,False,ARIMA,13,5,26.85611274876084,31.633789966814323,0.06766110146155505,7.0343597808462945
99,PDL,False,ARIMA,13,6,20.155783815728004,28.97926151457621,0.08454763888997661,5.336720884946626
100,PDL,False,ARIMA,14,2,40.124705113998,46.24982158681338,0.0852096481498896,6.652269482467155
101,PDL,False,ARIMA,14,3,26.022921525816773,38.89772436965438,0.13237809910957388,8.020191802725183
102,PDL,False,ARIMA,14,4,17.81435596249973,23.567372204666142,0.06556444137246958,8.901609962136215
103,PDL,False,ARIMA,14,5,37.40039285994943,49.697577729287126,0.1372654816125256,6.585181175013361
104,PDL,False,ARIMA,14,6,24.658808012518136,34.76930127999106,0.11069447928289887,5.652597758713513
105,PDL,False,ARIMA,15,2,40.55299204093637,46.82244098536067,0.08553882644586497,6.621095224804674
106,PDL,False,ARIMA,15,3,25.371391334126518,37.76201739622687,0.1281281374001406,8.186242905915444
107,PDL,False,ARIMA,15,4,39.2427044025414,50.48011531223845,0.14775821288619453,9.31445053800774
108,PDL,False,ARIMA,15,5,39.501195853290035,52.00325840974944,0.1181972855303512,6.399612042586757
109,PDL,False,ARIMA,15,6,54.22911875367439,70.10160107862228,0.18916943562466235,5.812811059328766
110,PDL,True,Holt,5,2,26.796351984610354,29.931306558402063,0.06919807742371237,8.235934731743367
111,PDL,True,Holt,5,3,28.924231278706078,41.75302247424275,0.13523471466539227,8.861571464421207
112,PDL,True,Holt,5,4,28.176104816756055,34.69069373155264,0.08743503043963566,9.39965098246088
113,PDL,True,Holt,5,5,50.309744116178145,56.563977458856634,0.11325673710747114,8.08635102897169
114,PDL,True,Holt,5,6,85.24884724358023,90.35150662421722,0.18702183693551716,7.461205417211105
115,PDL,True,Holt,6,2,26.79635198460812,29.93130655840031,0.06919807742371051,8.23593473174335
116,PDL,True,Holt,6,3,28.1127587416033,34.8820957220337,0.10101644373046781,8.721301187668061
117,PDL,True,Holt,6,4,28.10372851807982,34.03701458277278,0.09078331022264875,9.272341103571158
118,PDL,True,Holt,6,5,49.68755561848415,55.47806705539334,0.1089425594007133,8.070916177168126
119,PDL,True,Holt,6,6,85.24431785434062,89.60663263416983,0.17548894560381706,7.5452271964249595
120,PDL,True,Holt,7,2,26.796351984608595,29.931306558400856,0.06919807742371303,8.235934731743361
121,PDL,True,Holt,7,3,28.112758741669797,34.88209572209691,0.10101644373069385,8.721301187668852
122,PDL,True,Holt,7,4,23.301497873840642,29.41244656030433,0.09416003050248585,9.311767576844915
123,PDL,True,Holt,7,5,48.72778739151647,53.74605954863701,0.1046005150910472,7.891363233862834
124,PDL,True,Holt,7,6,85.20326876268739,89.18738351082602,0.1766143656208857,7.412923764441086
125,PDL,True,Holt,8,2,26.796351984608577,29.931306558400824,0.06919807742371281,8.235934731743354
126,PDL,True,Holt,8,3,28.112758741666497,34.88209572209346,0.10101644373068042,8.721301187668939
127,PDL,True,Holt,8,4,29.29422730525558,36.700155008832326,0.10960505490744292,9.553539218867687
128,PDL,True,Holt,8,5,48.36025439124253,54.6519331869851,0.10657422319692239,7.567045734664953
129,PDL,True,Holt,8,6,85.63772725773282,90.02141268279571,0.18105291985427688,7.4073047377772845
130,PDL,True,Holt,9,2,26.796351984609355,29.931306558401467,0.06919807742371392,8.235934731743363
131,PDL,True,Holt,9,3,28.112758741663544,34.88209572209033,0.10101644373067183,8.721301187668924
132,PDL,True,Holt,9,4,25.75353972957905,31.225571883310035,0.08439106045927512,9.70214623350722
133,PDL,True,Holt,9,5,50.198092593527726,56.944962374221696,0.11727043360501628,7.643548941125216
134,PDL,True,Holt,9,6,87.52609424075814,92.13972640981969,0.17825384936590175,7.498091990184927
135,PDL,True,Holt,10,2,26.79635198460862,29.931306558400863,0.06919807742371281,8.235934731743347
136,PDL,True,Holt,10,3,28.112758741663423,34.88209572209046,0.10101644373067321,8.721301187668898
137,PDL,True,Holt,10,4,25.75353972949164,31.22557188319846,0.08439106045883797,9.702146233506788
138,PDL,True,Holt,10,5,50.56325405205979,61.1695564848815,0.13950678820270024,7.252096201873485
139,PDL,True,Holt,10,6,86.50230579338391,90.5218627965885,0.1665973108234268,7.4259831108673
140,PDL,True,Holt,11,2,26.796351984608048,29.931306558400387,0.06919807742371215,8.235934731743342
141,PDL,True,Holt,11,3,28.112758741666312,34.882095722093354,0.10101644373068111,8.721301187668924
142,PDL,True,Holt,11,4,25.75353972951783,31.225571883232217,0.08439106045895099,9.70214623350701
143,PDL,True,Holt,11,5,42.98605079368374,50.1777083428029,0.114013592707359,7.260854695142454
144,PDL,True,Holt,11,6,86.39575630368496,91.20924208515859,0.16608350653863507,7.395057245661035
145,PDL,True,Holt,12,2,26.992877425471832,30.20269742714078,0.06807754444634959,8.278792358274755
146,PDL,True,Holt,12,3,31.500476175402202,39.30189887019776,0.11426524993715058,8.802440615961123
147,PDL,True,Holt,12,4,19.662823937740328,23.554295510137024,0.05951395412817407,10.015488175258206
148,PDL,True,Holt,12,5,132.76595489746563,150.35674437677622,0.28347286140219935,7.4786035586147355
149,PDL,True,Holt,12,6,82.53385000947047,88.08898221127008,0.17917966323133408,7.2171045714948265
150,PDL,True,Holt,13,2,29.7639530409719,32.108171734670954,0.06880339842318015,8.46501349335353
151,PDL,True,Holt,13,3,31.001994244415318,38.94105609909901,0.11178729886237614,8.74550749535481
152,PDL,True,Holt,13,4,20.099128275182196,24.07722799642395,0.0682386931841391,9.867694380934028
153,PDL,True,Holt,13,5,42.559199446564165,46.686166089431254,0.08358522409755757,7.897995368546087
154,PDL,True,Holt,13,6,82.33322006689029,89.81454681048804,0.20567285645107847,6.862129818435007
155,PDL,True,Holt,14,2,30.015660076632418,32.400361672437676,0.07188680458196388,8.499528475519456
156,PDL,True,Holt,14,3,32.04071618289479,42.68010784256286,0.1336891395776296,9.137835187634684
157,PDL,True,Holt,14,4,23.158959774135834,29.457713970226845,0.08788244954122491,10.410102685447
158,PDL,True,Holt,14,5,47.98017948216104,61.67522666132319,0.1545159618922746,7.386518135701822
159,PDL,True,Holt,14,6,67.31382741875156,73.72645636442752,0.14523550005950628,7.18514167720463
160,PDL,True,Holt,15,2,29.63966161777574,32.276600790815515,0.07244914717442562,8.458691129240805
161,PDL,True,Holt,15,3,31.433042396679827,41.63127276191608,0.12944559987273885,9.322087313080635
162,PDL,True,Holt,15,4,51.84782906655721,61.35984958240829,0.1681131094769205,10.787710652354955
163,PDL,True,Holt,15,5,52.590292572796876,65.0049378616628,0.14231291568691826,7.127477506351889
164,PDL,True,Holt,15,6,92.02139934056255,107.3200120288213,0.24842178878125937,7.348973854642035
165,PDL,True,ARIMA,5,2,43.79529177265146,49.67487483190439,0.0926642696134666,6.451048295600046
166,PDL,True,ARIMA,5,3,25.04366378708511,38.68297379711548,0.13392601320932307,7.77121830567587
167,PDL,True,ARIMA,5,4,22.88022485282431,28.636801995585984,0.06868574651253505,8.087876561943645
168,PDL,True,ARIMA,5,5,34.07830334431282,41.92635411123979,0.09516444147529877,7.236758512160379
169,PDL,True,ARIMA,5,6,13.232008784923556,20.129908368595913,0.06284197252084045,5.922563547232234
170,PDL,True,ARIMA,6,2,43.79529177265399,49.67487483190708,0.09266426961347418,6.451048295600033
171,PDL,True,ARIMA,6,3,22.96502855477287,31.893064314028393,0.09965595770145592,7.644804381585238
172,PDL,True,ARIMA,6,4,22.277560616555164,28.119637793519832,0.07002180630624351,8.00945497154515
173,PDL,True,ARIMA,6,5,32.76902479826543,40.75737459330559,0.09076224124641227,7.220172897393065
174,PDL,True,ARIMA,6,6,12.360781601913638,18.76475852160946,0.04960769015667104,6.004729375593766
175,PDL,True,ARIMA,7,2,43.79529177265346,49.67487483190671,0.09266426961347254,6.4510482956000414
176,PDL,True,ARIMA,7,3,22.965028554826574,31.89306431408322,0.09965595770168224,7.6448043815859466
177,PDL,True,ARIMA,7,4,19.169607347478784,25.603976643351203,0.07199562435915254,8.031007546381167
178,PDL,True,ARIMA,7,5,31.99679012706858,38.78354704126259,0.08633160585002937,7.027233179804622
179,PDL,True,ARIMA,7,6,15.18685643102115,19.866073159176064,0.05072997510894197,5.875348384311022
180,PDL,True,ARIMA,8,2,43.79529177265348,49.674874831906706,0.0926642696134727,6.451048295600035
181,PDL,True,ARIMA,8,3,22.965028554824247,31.893064314080316,0.09965595770166881,7.644804381586029
182,PDL,True,ARIMA,8,4,22.928847387535857,34.43021272633471,0.0983159105373447,8.200041052995509
183,PDL,True,ARIMA,8,5,33.248462250292185,39.87864717840358,0.08834558368451419,6.734738753895627
184,PDL,True,ARIMA,8,6,17.027918101337445,22.41800376538715,0.05589547167983597,5.869853475910646
185,PDL,True,ARIMA,9,2,43.79529177265258,49.67487483190578,0.09266426961347032,6.451048295600043
186,PDL,True,ARIMA,9,3,22.965028554821256,31.89306431407701,0.09965595770166022,7.644804381586013
187,PDL,True,ARIMA,9,4,18.852420022173007,25.732244931863093,0.07398830547614058,8.308356220892533
188,PDL,True,ARIMA,9,5,34.82499553201007,42.10752587963261,0.0924491862846083,6.803244579054746
189,PDL,True,ARIMA,9,6,17.908724501844002,22.783965628202385,0.05452716696144423,5.958635335430127
190,PDL,True,ARIMA,10,2,43.79529177265342,49.67487483190664,0.09266426961347254,6.451048295600032
191,PDL,True,ARIMA,10,3,22.965028554821245,31.893064314077343,0.09965595770166161,7.64480438158599
192,PDL,True,ARIMA,10,4,18.852420022134506,25.732244931795144,0.07398830547619534,8.308356220892218
193,PDL,True,ARIMA,10,5,37.61658362549083,47.21580289235964,0.11530076388521157,6.488885232163662
194,PDL,True,ARIMA,10,6,14.93328679249455,18.015148814206913,0.03907233627297441,5.888119263802145
195,PDL,True,ARIMA,11,2,43.79529177265406,49.67487483190728,0.09266426961347314,6.451048295600026
196,PDL,True,ARIMA,11,3,22.965028554823917,31.893064314079975,0.0996559577016695,7.644804381586013
197,PDL,True,ARIMA,11,4,18.8524200221452,25.73224493181505,0.07398830547618278,8.308356220892378
198,PDL,True,ARIMA,11,5,32.460676686103895,38.06455779805959,0.08898635266500762,6.495159560640108
199,PDL,True,ARIMA,11,6,16.102038412005523,19.73653835886162,0.04903657829891461,5.8578765177398155
200,PDL,True,ARIMA,12,2,43.56960630007757,49.516407159247755,0.09273967582557734,6.483764787097199
201,PDL,True,ARIMA,12,3,25.60173707319605,34.56158720673187,0.112924814125542,7.717928594115647
202,PDL,True,ARIMA,12,4,22.161825692196597,26.706821473061954,0.07169788837949519,8.537884900727004
203,PDL,True,ARIMA,12,5,119.56667481263734,140.198851196468,0.26885349933600333,6.655542017843318
204,PDL,True,ARIMA,12,6,13.892085646707741,20.23132951179726,0.05371541480694243,5.683854627001219
205,PDL,True,ARIMA,13,2,40.410825444237354,46.56724982642289,0.08807004964287964,6.625921567009705
206,PDL,True,ARIMA,13,3,25.2887517101463,34.040289542489774,0.11044311301797302,7.666619511727258
207,PDL,True,ARIMA,13,4,21.99578977736792,26.909813444941964,0.06843840207835633,8.429019269181817
208,PDL,True,ARIMA,13,5,26.85611274876084,31.633789966814323,0.06766110146155505,7.0343597808462945
209,PDL,True,ARIMA,13,6,20.155783815728004,28.97926151457621,0.08454763888997661,5.336720884946626
210,PDL,True,ARIMA,14,2,40.124705113998,46.24982158681338,0.0852096481498896,6.652269482467155
211,PDL,True,ARIMA,14,3,26.022921525816773,38.89772436965438,0.13237809910957388,8.020191802725183
212,PDL,True,ARIMA,14,4,17.81435596249973,23.567372204666142,0.06556444137246958,8.901609962136215
213,PDL,True,ARIMA,14,5,37.40039285994943,49.697577729287126,0.1372654816125256,6.585181175013361
214,PDL,True,ARIMA,14,6,24.658808012518136,34.76930127999106,0.11069447928289887,5.652597758713513
215,PDL,True,ARIMA,15,2,40.55299204093637,46.82244098536067,0.08553882644586497,6.621095224804674
216,PDL,True,ARIMA,15,3,25.371391334126518,37.76201739622687,0.1281281374001406,8.186242905915444
217,PDL,True,ARIMA,15,4,39.2427044025414,50.48011531223845,0.14775821288619453,9.31445053800774
218,PDL,True,ARIMA,15,5,39.501195853290035,52.00325840974944,0.1181972855303512,6.399612042586757
219,PDL,True,ARIMA,15,6,54.22911875367439,70.10160107862228,0.18916943562466235,5.812811059328766
220,BRE,False,Holt,5,2,37.19113316356577,40.691863483358766,0.07020058875900391,9.136326455356565
221,BRE,False,Holt,5,3,39.049174068258004,55.98897521372517,0.14189492852833724,10.791440588311778
222,BRE,False,Holt,5,4,31.068596886779545,33.93844813346633,0.050311219244182796,12.993106367469455
223,BRE,False,Holt,5,5,57.750743386794994,63.35134713584334,0.08865391645450689,10.859298478680111
224,BRE,False,Holt,5,6,74.13346419841436,78.23711769406441,0.11547490806172504,18.991142875728066
225,BRE,False,Holt,6,2,37.19113316357143,40.69186348336283,0.07020058875900934,9.136326455356565
226,BRE,False,Holt,6,3,33.513252499842885,38.68863787179983,0.05867021783822924,11.258388370959654
227,BRE,False,Holt,6,4,31.223611710137913,35.04322669613198,0.050526048044277266,12.489536358942923
228,BRE,False,Holt,6,5,58.80372413813879,64.60285395557382,0.09532138479384697,10.884561615620818
229,BRE,False,Holt,6,6,73.03482846597767,77.71233169249653,0.1113314120970682,18.771832080146897
230,BRE,False,Holt,7,2,37.19113316356996,40.69186348336168,0.07020058875900786,9.13632645535657
231,BRE,False,Holt,7,3,33.51325249979253,38.6886378717511,0.05867021783808201,11.258388370959475
232,BRE,False,Holt,7,4,21.91311997074497,26.504903218444923,0.0453623314694183,12.562377099586412
233,BRE,False,Holt,7,5,59.00190395780629,63.71515548810838,0.09413554050398987,10.787383749239009
234,BRE,False,Holt,7,6,72.6637214101333,79.17005436602719,0.11856714606368358,19.062336534218094
235,BRE,False,Holt,8,2,37.19113316357005,40.69186348336176,0.07020058875900836,9.13632645535657
236,BRE,False,Holt,8,3,33.51325249979098,38.68863787175113,0.058670217838086305,11.258388370959588
237,BRE,False,Holt,8,4,33.360608178878806,37.42660575890279,0.059673179894886394,12.718056522104494
238,BRE,False,Holt,8,5,58.38090955732739,63.54034417252653,0.09347188457194255,10.749343167838393
239,BRE,False,Holt,8,6,72.73563187137275,79.27765912368127,0.10671063751925443,18.863828362306037
240,BRE,False,Holt,9,2,37.191133163570775,40.69186348336239,0.07020058875900972,9.136326455356576
241,BRE,False,Holt,9,3,33.51325249979008,38.688637871750245,0.0586702178380816,11.258388370959596
242,BRE,False,Holt,9,4,29.07051019128647,34.88771354685668,0.05227402992927906,13.782127325290901
243,BRE,False,Holt,9,5,51.66492999297668,56.6022619874266,0.08598220189443007,11.16302090645336
244,BRE,False,Holt,9,6,70.17335952420115,77.728244565911,0.11569547243310294,19.067345968154445
245,BRE,False,Holt,10,2,37.19113316357027,40.69186348336193,0.07020058875900871,9.13632645535657
246,BRE,False,Holt,10,3,33.51325249978576,38.68863787174664,0.05867021783807157,11.258388370959548
247,BRE,False,Holt,10,4,29.0705101912536,34.88771354685223,0.052274029929346835,13.78212732529123
248,BRE,False,Holt,10,5,58.4459328375324,65.24088809277684,0.1142507885303443,11.06950942623072
249,BRE,False,Holt,10,6,67.72545103496527,75.72956745774843,0.10085028928828303,19.277375198534354
250,BRE,False,Holt,11,2,37.19113316356948,40.69186348336131,0.07020058875900786,9.136326455356558
251,BRE,False,Holt,11,3,33.51325249978831,38.688637871748796,0.05867021783807873,11.258388370959574
252,BRE,False,Holt,11,4,29.070510191271193,34.88771354686523,0.05227402992940424,13.782127325291096
253,BRE,False,Holt,11,5,63.047142488858896,72.32238203258437,0.1155643913973503,10.421122781214843
254,BRE,False,Holt,11,6,68.57122437794602,77.3951592234306,0.1069299997836009,19.306516575110432
255,BRE,False,Holt,12,2,32.035116073417704,36.78721786250989,0.06032182591890477,9.064319890301773
256,BRE,False,Holt,12,3,29.149784375905963,34.1841478489441,0.053087334965155,11.080525750700778
257,BRE,False,Holt,12,4,25.79069178750005,28.373732628301944,0.04575950945912013,13.221299649636096
258,BRE,False,Holt,12,5,69.1952764232866,81.80978632444058,0.15523600088670522,10.29235026306486
259,BRE,False,Holt,12,6,66.03197988985049,75.95317406486203,0.11371706622673611,19.737673084908604
260,BRE,False,Holt,13,2,35.71167437222031,39.77731878563806,0.06393383377542698,9.297692976891845
261,BRE,False,Holt,13,3,27.22811514506518,32.07797704223609,0.057972859593598144,10.968682829692899
262,BRE,False,Holt,13,4,31.390013068192506,38.156806469332906,0.05444792311519389,14.143691127721263
263,BRE,False,Holt,13,5,83.07728600043116,107.69329932132186,0.22859500360595467,11.384129775869942
264,BRE,False,Holt,13,6,62.586245622573756,73.45422660715013,0.1232422914883066,20.575583881064688
265,BRE,False,Holt,14,2,35.777527405648044,39.97886971169388,0.06439308351596197,9.275565844505072
266,BRE,False,Holt,14,3,26.485147097545134,30.432242989170014,0.051922868271116196,10.956525855974244
267,BRE,False,Holt,14,4,25.967628606489612,30.602176457328362,0.057098479576852566,14.265883269840261
268,BRE,False,Holt,14,5,78.04010629241651,100.69979711529574,0.20458630714103548,11.19536580795988
269,BRE,False,Holt,14,6,685.87596423553,934.3740553806774,2.6203947437943613,13.908555008287133
270,BRE,False,Holt,15,2,35.745666914101385,39.764373990596596,0.06510981619703265,9.286381972515965
271,BRE,False,Holt,15,3,31.16979049940451,34.728620866711324,0.05127844741580452,11.148835831381614
272,BRE,False,Holt,15,4,32.150358620545894,35.07142662449336,0.04986177899695307,13.932267307108285
273,BRE,False,Holt,15,5,96.82115770413202,124.80016567276681,0.2129453123447168,10.410689272135242
274,BRE,False,Holt,15,6,78.87863564489595,122.18296152357728,0.4113952461473418,16.282854906075855
275,BRE,False,ARIMA,5,2,35.00681997050143,45.53711363288079,0.12339533680212278,8.470752798697088
276,BRE,False,ARIMA,5,3,38.22792197771433,48.334342813635544,0.09964026954013848,9.95603576470031
277,BRE,False,ARIMA,5,4,24.17580811943478,26.780570185222864,0.042280943583175405,12.22102230313235
278,BRE,False,ARIMA,5,5,41.94029189241407,47.991109908712986,0.07624001746002325,10.243786771694069
279,BRE,False,ARIMA,5,6,32.07916106714557,41.53145036283431,0.0816416315778976,16.18200461915787
280,BRE,False,ARIMA,6,2,35.006819970496316,45.53711363287618,0.12339533680211714,8.470752798697088
281,BRE,False,ARIMA,6,3,25.909119588689023,32.695029991608294,0.06510740731935262,10.456767262021003
282,BRE,False,ARIMA,6,4,25.639829807463,31.51402554451456,0.0527921765970117,11.68644749839825
283,BRE,False,ARIMA,6,5,41.76589196688975,48.944684302676954,0.08123219185855347,10.270800090131512
284,BRE,False,ARIMA,6,6,35.5324065431057,46.52657021035982,0.10132504054947608,15.952578437844608
285,BRE,False,ARIMA,7,2,35.00681997049734,45.53711363287682,0.12339533680211669,8.470752798697092
286,BRE,False,ARIMA,7,3,25.909119588676717,32.69502999161682,0.06510740731940484,10.45676726202081
287,BRE,False,ARIMA,7,4,28.76516746751109,35.538702256044644,0.06524692543199355,11.763773042109873
288,BRE,False,ARIMA,7,5,41.097801165618584,47.463884423041364,0.08353337203230843,10.166889928230216
289,BRE,False,ARIMA,7,6,36.459864045572864,51.28500337095408,0.10985757932444427,16.265397878877344
290,BRE,False,ARIMA,8,2,35.00681997049699,45.53711363287614,0.12339533680211398,8.470752798697092
291,BRE,False,ARIMA,8,3,25.909119588680127,32.69502999161933,0.0651074073194076,10.456767262020932
292,BRE,False,ARIMA,8,4,40.13198116083502,45.07237034862143,0.06429599358242201,11.929037643822818
293,BRE,False,ARIMA,8,5,40.37214659990456,47.704974756755696,0.08285882864519087,10.126213968576744
294,BRE,False,ARIMA,8,6,39.110087179783775,53.11939694859285,0.11153708455998562,16.042378920242875
295,BRE,False,ARIMA,9,2,35.00681997049654,45.537113632875545,0.12339533680211262,8.470752798697097
296,BRE,False,ARIMA,9,3,25.909119588680003,32.69502999161781,0.06510740731940136,10.45676726202094
297,BRE,False,ARIMA,9,4,28.11199520091975,33.33479024713852,0.05453203993711925,13.058623266884531
298,BRE,False,ARIMA,9,5,37.896612177704675,42.52340524354062,0.07524627569755085,10.56855050461011
299,BRE,False,ARIMA,9,6,39.671267303560434,60.6548894172326,0.1538074347782159,16.271265719274385
300,BRE,False,ARIMA,10,2,35.00681997049695,45.53711363287605,0.12339533680211398,8.47075279869709
301,BRE,False,ARIMA,10,3,25.909119588679967,32.69502999161931,0.0651074073194036,10.456767262020888
302,BRE,False,ARIMA,10,4,28.111995200908098,33.33479024715338,0.05453203993718671,13.058623266884876
303,BRE,False,ARIMA,10,5,46.95464402148275,53.11775181531508,0.10397861614329011,10.468560729043448
304,BRE,False,ARIMA,10,6,45.82945420693804,68.13746727488396,0.17707338938176184,16.517285133492365
305,BRE,False,ARIMA,11,2,35.00681997049755,45.5371136328769,0.123395336802116,8.470752798697081
306,BRE,False,ARIMA,11,3,25.909119588680216,32.69502999161879,0.06510740731940391,10.456767262020918
307,BRE,False,ARIMA,11,4,28.111995200922067,33.33479024716309,0.05453203993724379,13.058623266884739
308,BRE,False,ARIMA,11,5,49.50885447602417,59.05375863252028,0.09400232984631977,9.775255105378829
309,BRE,False,ARIMA,11,6,44.26414442920598,73.05355800560437,0.1908298858459362,16.55142011737906
310,BRE,False,ARIMA,12,2,40.48075297291514,54.26252487568657,0.14495812579724987,8.392539919446495
311,BRE,False,ARIMA,12,3,26.910283276161334,35.618707891413145,0.07201983811844845,10.264047401947689
312,BRE,False,ARIMA,12,4,32.879415257677906,35.69165061989242,0.05228170194870411,12.463265441505115
313,BRE,False,ARIMA,12,5,57.2101314640453,72.81328337595066,0.13487586018693387,9.637561475053284
314,BRE,False,ARIMA,12,6,54.04696911170225,74.14765185439484,0.17098816527857885,17.05645873407515
315,BRE,False,ARIMA,13,2,38.14728125427529,51.17030402399406,0.1376704666101331,8.646027653904012
316,BRE,False,ARIMA,13,3,31.33117606576217,39.40135060385352,0.07647029623687353,10.142862005851212
317,BRE,False,ARIMA,13,4,32.67940040239838,38.01297651327294,0.052881175947392285,13.442448546012418
318,BRE,False,ARIMA,13,5,77.10746387184237,105.55862665209378,0.22019867899493978,10.804977370874278
319,BRE,False,ARIMA,13,6,72.90416549158117,85.0629526507853,0.1467066603036681,18.037952228406194
320,BRE,False,ARIMA,14,2,37.48681046482161,50.41198307615557,0.13721378412082352,8.621993362972182
321,BRE,False,ARIMA,14,3,26.13692145534021,34.35910735867317,0.06446515592958268,10.129689534476594
322,BRE,False,ARIMA,14,4,29.059622799678497,33.58050123254848,0.0520907118650415,13.572164056085064
323,BRE,False,ARIMA,14,5,87.29909736501982,105.22202861284717,0.19579611337066227,10.603136198630374
324,BRE,False,ARIMA,14,6,792.5225941710955,1045.3337889891056,2.9214508416695706,11.827543640906843
325,BRE,False,ARIMA,15,2,37.292769892736125,50.162477870580446,0.13731037537627763,8.633741743323771
326,BRE,False,ARIMA,15,3,28.401942734252774,38.56691264546779,0.0774450785006062,10.338063567746028
327,BRE,False,ARIMA,15,4,34.023273492115095,36.844941552134195,0.052957271378852304,13.218007364634229
328,BRE,False,ARIMA,15,5,95.9564715750514,123.23073137000871,0.20561693273184956,9.764098782874274
329,BRE,False,ARIMA,15,6,95.38789122246415,112.44928521567986,0.26835105186240377,13.523009050212005
330,BRE,True,Holt,5,2,37.19113316356577,40.691863483358766,0.07020058875900391,9.136326455356565
331,BRE,True,Holt,5,3,39.049174068258004,55.98897521372517,0.14189492852833724,10.791440588311778
332,BRE,True,Holt,5,4,31.068596886779545,33.93844813346633,0.050311219244182796,12.993106367469455
333,BRE,True,Holt,5,5,57.750743386794994,63.35134713584334,0.08865391645450689,10.859298478680111
334,BRE,True,Holt,5,6,74.13346419841436,78.23711769406441,0.11547490806172504,18.991142875728066
335,BRE,True,Holt,6,2,37.19113316357143,40.69186348336283,0.07020058875900934,9.136326455356565
336,BRE,True,Holt,6,3,33.513252499842885,38.68863787179983,0.05867021783822924,11.258388370959654
337,BRE,True,Holt,6,4,31.223611710137913,35.04322669613198,0.050526048044277266,12.489536358942923
338,BRE,True,Holt,6,5,58.80372413813879,64.60285395557382,0.09532138479384697,10.884561615620818
339,BRE,True,Holt,6,6,73.03482846597767,77.71233169249653,0.1113314120970682,18.771832080146897
340,BRE,True,Holt,7,2,37.19113316356996,40.69186348336168,0.07020058875900786,9.13632645535657
341,BRE,True,Holt,7,3,33.51325249979253,38.6886378717511,0.05867021783808201,11.258388370959475
342,BRE,True,Holt,7,4,21.91311997074497,26.504903218444923,0.0453623314694183,12.562377099586412
343,BRE,True,Holt,7,5,59.00190395780629,63.71515548810838,0.09413554050398987,10.787383749239009
344,BRE,True,Holt,7,6,72.6637214101333,79.17005436602719,0.11856714606368358,19.062336534218094
345,BRE,True,Holt,8,2,37.19113316357005,40.69186348336176,0.07020058875900836,9.13632645535657
346,BRE,True,Holt,8,3,33.51325249979098,38.68863787175113,0.058670217838086305,11.258388370959588
347,BRE,True,Holt,8,4,33.360608178878806,37.42660575890279,0.059673179894886394,12.718056522104494
348,BRE,True,Holt,8,5,58.38090955732739,63.54034417252653,0.09347188457194255,10.749343167838393
349,BRE,True,Holt,8,6,72.73563187137275,79.27765912368127,0.10671063751925443,18.863828362306037
350,BRE,True,Holt,9,2,37.191133163570775,40.69186348336239,0.07020058875900972,9.136326455356576
351,BRE,True,Holt,9,3,33.51325249979008,38.688637871750245,0.0586702178380816,11.258388370959596
352,BRE,True,Holt,9,4,29.07051019128647,34.88771354685668,0.05227402992927906,13.782127325290901
353,BRE,True,Holt,9,5,51.66492999297668,56.6022619874266,0.08598220189443007,11.16302090645336
354,BRE,True,Holt,9,6,70.17335952420115,77.728244565911,0.11569547243310294,19.067345968154445
355,BRE,True,Holt,10,2,37.19113316357027,40.69186348336193,0.07020058875900871,9.13632645535657
356,BRE,True,Holt,10,3,33.51325249978576,38.68863787174664,0.05867021783807157,11.258388370959548
357,BRE,True,Holt,10,4,29.0705101912536,34.88771354685223,0.052274029929346835,13.78212732529123
358,BRE,True,Holt,10,5,58.4459328375324,65.24088809277684,0.1142507885303443,11.06950942623072
359,BRE,True,Holt,10,6,67.72545103496527,75.72956745774843,0.10085028928828303,19.277375198534354
360,BRE,True,Holt,11,2,37.19113316356948,40.69186348336131,0.07020058875900786,9.136326455356558
361,BRE,True,Holt,11,3,33.51325249978831,38.688637871748796,0.05867021783807873,11.258388370959574
362,BRE,True,Holt,11,4,29.070510191271193,34.88771354686523,0.05227402992940424,13.782127325291096
363,BRE,True,Holt,11,5,63.047142488858896,72.32238203258437,0.1155643913973503,10.421122781214843
364,BRE,True,Holt,11,6,68.57122437794602,77.3951592234306,0.1069299997836009,19.306516575110432
365,BRE,True,Holt,12,2,32.035116073417704,36.78721786250989,0.06032182591890477,9.064319890301773
366,BRE,True,Holt,12,3,29.149784375905963,34.1841478489441,0.053087334965155,11.080525750700778
367,BRE,True,Holt,12,4,25.79069178750005,28.373732628301944,0.04575950945912013,13.221299649636096
368,BRE,True,Holt,12,5,69.1952764232866,81.80978632444058,0.15523600088670522,10.29235026306486
369,BRE,True,Holt,12,6,66.03197988985049,75.95317406486203,0.11371706622673611,19.737673084908604
370,BRE,True,Holt,13,2,35.71167437222031,39.77731878563806,0.06393383377542698,9.297692976891845
371,BRE,True,Holt,13,3,27.22811514506518,32.07797704223609,0.057972859593598144,10.968682829692899
372,BRE,True,Holt,13,4,31.390013068192506,38.156806469332906,0.05444792311519389,14.143691127721263
373,BRE,True,Holt,13,5,83.07728600043116,107.69329932132186,0.22859500360595467,11.384129775869942
374,BRE,True,Holt,13,6,62.586245622573756,73.45422660715013,0.1232422914883066,20.575583881064688
375,BRE,True,Holt,14,2,35.777527405648044,39.97886971169388,0.06439308351596197,9.275565844505072
376,BRE,True,Holt,14,3,26.485147097545134,30.432242989170014,0.051922868271116196,10.956525855974244
377,BRE,True,Holt,14,4,25.967628606489612,30.602176457328362,0.057098479576852566,14.265883269840261
378,BRE,True,Holt,14,5,78.04010629241651,100.69979711529574,0.20458630714103548,11.19536580795988
379,BRE,True,Holt,14,6,685.87596423553,934.3740553806774,2.6203947437943613,13.908555008287133
380,BRE,True,Holt,15,2,35.745666914101385,39.764373990596596,0.06510981619703265,9.286381972515965
381,BRE,True,Holt,15,3,31.16979049940451,34.728620866711324,0.05127844741580452,11.148835831381614
382,BRE,True,Holt,15,4,32.150358620545894,35.07142662449336,0.04986177899695307,13.932267307108285
383,BRE,True,Holt,15,5,96.82115770413202,124.80016567276681,0.2129453123447168,10.410689272135242
384,BRE,True,Holt,15,6,78.87863564489595,122.18296152357728,0.4113952461473418,16.282854906075855
385,BRE,True,ARIMA,5,2,35.00681997050143,45.53711363288079,0.12339533680212278,8.470752798697088
386,BRE,True,ARIMA,5,3,38.22792197771433,48.334342813635544,0.09964026954013848,9.95603576470031
387,BRE,True,ARIMA,5,4,24.17580811943478,26.780570185222864,0.042280943583175405,12.22102230313235
388,BRE,True,ARIMA,5,5,41.94029189241407,47.991109908712986,0.07624001746002325,10.243786771694069
389,BRE,True,ARIMA,5,6,32.07916106714557,41.53145036283431,0.0816416315778976,16.18200461915787
390,BRE,True,ARIMA,6,2,35.006819970496316,45.53711363287618,0.12339533680211714,8.470752798697088
391,BRE,True,ARIMA,6,3,25.909119588689023,32.695029991608294,0.06510740731935262,10.456767262021003
392,BRE,True,ARIMA,6,4,25.639829807463,31.51402554451456,0.0527921765970117,11.68644749839825
393,BRE,True,ARIMA,6,5,41.76589196688975,48.944684302676954,0.08123219185855347,10.270800090131512
394,BRE,True,ARIMA,6,6,35.5324065431057,46.52657021035982,0.10132504054947608,15.952578437844608
395,BRE,True,ARIMA,7,2,35.00681997049734,45.53711363287682,0.12339533680211669,8.470752798697092
396,BRE,True,ARIMA,7,3,25.909119588676717,32.69502999161682,0.06510740731940484,10.45676726202081
397,BRE,True,ARIMA,7,4,28.76516746751109,35.538702256044644,0.06524692543199355,11.763773042109873
398,BRE,True,ARIMA,7,5,41.097801165618584,47.463884423041364,0.08353337203230843,10.166889928230216
399,BRE,True,ARIMA,7,6,36.459864045572864,51.28500337095408,0.10985757932444427,16.265397878877344
400,BRE,True,ARIMA,8,2,35.00681997049699,45.53711363287614,0.12339533680211398,8.470752798697092
401,BRE,True,ARIMA,8,3,25.909119588680127,32.69502999161933,0.0651074073194076,10.456767262020932
402,BRE,True,ARIMA,8,4,40.13198116083502,45.07237034862143,0.06429599358242201,11.929037643822818
403,BRE,True,ARIMA,8,5,40.37214659990456,47.704974756755696,0.08285882864519087,10.126213968576744
404,BRE,True,ARIMA,8,6,39.110087179783775,53.11939694859285,0.11153708455998562,16.042378920242875
405,BRE,True,ARIMA,9,2,35.00681997049654,45.537113632875545,0.12339533680211262,8.470752798697097
406,BRE,True,ARIMA,9,3,25.909119588680003,32.69502999161781,0.06510740731940136,10.45676726202094
407,BRE,True,ARIMA,9,4,28.11199520091975,33.33479024713852,0.05453203993711925,13.058623266884531
408,BRE,True,ARIMA,9,5,37.896612177704675,42.52340524354062,0.07524627569755085,10.56855050461011
409,BRE,True,ARIMA,9,6,39.671267303560434,60.6548894172326,0.1538074347782159,16.271265719274385
410,BRE,True,ARIMA,10,2,35.00681997049695,45.53711363287605,0.12339533680211398,8.47075279869709
411,BRE,True,ARIMA,10,3,25.909119588679967,32.69502999161931,0.0651074073194036,10.456767262020888
412,BRE,True,ARIMA,10,4,28.111995200908098,33.33479024715338,0.05453203993718671,13.058623266884876
413,BRE,True,ARIMA,10,5,46.95464402148275,53.11775181531508,0.10397861614329011,10.468560729043448
414,BRE,True,ARIMA,10,6,45.82945420693804,68.13746727488396,0.17707338938176184,16.517285133492365
415,BRE,True,ARIMA,11,2,35.00681997049755,45.5371136328769,0.123395336802116,8.470752798697081
416,BRE,True,ARIMA,11,3,25.909119588680216,32.69502999161879,0.06510740731940391,10.456767262020918
417,BRE,True,ARIMA,11,4,28.111995200922067,33.33479024716309,0.05453203993724379,13.058623266884739
418,BRE,True,ARIMA,11,5,49.50885447602417,59.05375863252028,0.09400232984631977,9.775255105378829
419,BRE,True,ARIMA,11,6,44.26414442920598,73.05355800560437,0.1908298858459362,16.55142011737906
420,BRE,True,ARIMA,12,2,40.48075297291514,54.26252487568657,0.14495812579724987,8.392539919446495
421,BRE,True,ARIMA,12,3,26.910283276161334,35.618707891413145,0.07201983811844845,10.264047401947689
422,BRE,True,ARIMA,12,4,32.879415257677906,35.69165061989242,0.05228170194870411,12.463265441505115
423,BRE,True,ARIMA,12,5,57.2101314640453,72.81328337595066,0.13487586018693387,9.637561475053284
424,BRE,True,ARIMA,12,6,54.04696911170225,74.14765185439484,0.17098816527857885,17.05645873407515
425,BRE,True,ARIMA,13,2,38.14728125427529,51.17030402399406,0.1376704666101331,8.646027653904012
426,BRE,True,ARIMA,13,3,31.33117606576217,39.40135060385352,0.07647029623687353,10.142862005851212
427,BRE,True,ARIMA,13,4,32.67940040239838,38.01297651327294,0.052881175947392285,13.442448546012418
428,BRE,True,ARIMA,13,5,77.10746387184237,105.55862665209378,0.22019867899493978,10.804977370874278
429,BRE,True,ARIMA,13,6,72.90416549158117,85.0629526507853,0.1467066603036681,18.037952228406194
430,BRE,True,ARIMA,14,2,37.48681046482161,50.41198307615557,0.13721378412082352,8.621993362972182
431,BRE,True,ARIMA,14,3,26.13692145534021,34.35910735867317,0.06446515592958268,10.129689534476594
432,BRE,True,ARIMA,14,4,29.059622799678497,33.58050123254848,0.0520907118650415,13.572164056085064
433,BRE,True,ARIMA,14,5,87.29909736501982,105.22202861284717,0.19579611337066227,10.603136198630374
434,BRE,True,ARIMA,14,6,792.5225941710955,1045.3337889891056,2.9214508416695706,11.827543640906843
435,BRE,True,ARIMA,15,2,37.292769892736125,50.162477870580446,0.13731037537627763,8.633741743323771
436,BRE,True,ARIMA,15,3,28.401942734252774,38.56691264546779,0.0774450785006062,10.338063567746028
437,BRE,True,ARIMA,15,4,34.023273492115095,36.844941552134195,0.052957271378852304,13.218007364634229
438,BRE,True,ARIMA,15,5,95.9564715750514,123.23073137000871,0.20561693273184956,9.764098782874274
439,BRE,True,ARIMA,15,6,95.38789122246415,112.44928521567986,0.26835105186240377,13.523009050212005
440,OCC,False,Holt,5,2,19.80800574543598,25.241894823758354,0.01912409123794786,21.358460943915812
441,OCC,False,Holt,5,3,60.26684934498231,76.12697176046264,0.06496501782314151,11.835013549730887
442,OCC,False,Holt,5,4,67.80167739708337,84.7027158144793,0.07716207422122154,13.859665669207086
443,OCC,False,Holt,5,5,62.090428967813686,90.90618988900044,0.0958692939050163,19.865941911324295
444,OCC,False,Holt,5,6,62.12010293672055,67.93067285081615,0.04719925217875268,13.531572179110789
445,OCC,False,Holt,6,2,19.808005745437697,25.24189482376167,0.01912409123795344,21.358460943915773
446,OCC,False,Holt,6,3,60.9992545862092,73.79337610776761,0.05267246556245253,11.802257554837578
447,OCC,False,Holt,6,4,60.85847224781765,77.94886565272733,0.07580743681170458,13.724515604365221
448,OCC,False,Holt,6,5,58.600159440463365,82.48212628072132,0.0817985561508366,19.919187195692288
449,OCC,False,Holt,6,6,56.215486831844004,61.75483759752204,0.03902831666594888,13.520078845353062
450,OCC,False,Holt,7,2,19.808005745433576,25.241894823756105,0.01912409123793975,21.358460943915734
451,OCC,False,Holt,7,3,60.999254586173755,73.79337610772806,0.05267246556241558,11.802257554837553
452,OCC,False,Holt,7,4,60.4252268158999,80.72108030061256,0.08700258867832186,13.791724074406963
453,OCC,False,Holt,7,5,60.77556735599675,83.06682862920336,0.07492511345887416,20.12468376145766
454,OCC,False,Holt,7,6,56.20840186787553,62.14920357470724,0.04271149396814633,13.454537918985189
455,OCC,False,Holt,8,2,19.808005745433377,25.24189482375602,0.01912409123794164,21.35846094391575
456,OCC,False,Holt,8,3,60.99925458618492,73.79337610774091,0.052672465562427113,11.802257554837537
457,OCC,False,Holt,8,4,68.68156237060951,95.12341815172925,0.09530078629847473,14.030454841501028
458,OCC,False,Holt,8,5,63.828729540939634,87.9849027216212,0.08236981021546641,19.874562121117105
459,OCC,False,Holt,8,6,53.35806475164559,61.09090183435495,0.03982772654774361,13.49051513880842
460,OCC,False,Holt,9,2,19.80800574543424,25.24189482375694,0.019124091237942363,21.35846094391576
461,OCC,False,Holt,9,3,60.99925458617432,73.79337610772892,0.05267246556241666,11.802257554837581
462,OCC,False,Holt,9,4,74.39113319068964,94.78614879293617,0.08425669896041263,14.558618393929764
463,OCC,False,Holt,9,5,72.43627921342627,107.09622211924791,0.11676278877098095,20.234801596318757
464,OCC,False,Holt,9,6,49.369269744239084,56.24664903953374,0.046178363435891774,13.535333928085091
465,OCC,False,Holt,10,2,19.80800574543366,25.241894823756276,0.01912409123794119,21.358460943915745
466,OCC,False,Holt,10,3,60.99925458618526,73.79337610773996,0.052672465562425136,11.802257554837546
467,OCC,False,Holt,10,4,74.39113319067982,94.7861487929362,0.08425669896039369,14.558618393929379
468,OCC,False,Holt,10,5,67.65946488919589,97.76978616026949,0.10605354660078198,19.64806797471013
469,OCC,False,Holt,10,6,60.87046248842646,67.60743952050315,0.05417289731219038,14.050679852621116
470,OCC,False,Holt,11,2,19.808005745433974,25.241894823756773,0.019124091237942453,21.35846094391575
471,OCC,False,Holt,11,3,60.9992545861868,73.79337610774255,0.05267246556243144,11.802257554837526
472,OCC,False,Holt,11,4,74.3911331906414,94.78614879288878,0.084256698960379,14.558618393929986
473,OCC,False,Holt,11,5,72.50636010314835,97.67176688588589,0.10030997534811095,19.371887855453387
474,OCC,False,Holt,11,6,56.28786085997272,66.43850641695064,0.05139092260747224,13.799755507637986
475,OCC,False,Holt,12,2,21.715616060320922,29.784507057053336,0.029871877582269963,21.259613948597227
476,OCC,False,Holt,12,3,59.27219170923444,71.88279198349922,0.053114292684543735,11.862046771721682
477,OCC,False,Holt,12,4,1713.33799868325,2249.204178932086,1.636896474881695,13.88875955161623
478,OCC,False,Holt,12,5,353.7105913672569,412.94643094176354,0.29035636927007646,19.561768550149385
479,OCC,False,Holt,12,6,63.34667569163691,78.23144432416966,0.05321922777122719,13.517953334628428
480,OCC,False,Holt,13,2,23.73369777023738,30.22509179823471,0.027206630618406627,21.524189197528752
481,OCC,False,Holt,13,3,60.04663100260131,72.11520733811159,0.04837184026320727,11.95033006782166
482,OCC,False,Holt,13,4,370.67243644891397,443.06759250935414,0.31508077860680744,13.792973066835216
483,OCC,False,Holt,13,5,151.78936136697683,203.61548079499056,0.21801222495161002,20.348855569809835
484,OCC,False,Holt,13,6,2078.860674761169,2723.7859401311093,1.97002326701439,12.36122824158318
485,OCC,False,Holt,14,2,21.913826610220564,30.725504125990685,0.029561223651212713,21.4416142266639
486,OCC,False,Holt,14,3,58.175515172307264,74.50052025949279,0.05925238530900777,11.910417941538187
487,OCC,False,Holt,14,4,1042.4397091715948,1295.0778645934656,0.8166557866647943,13.616812440595798
488,OCC,False,Holt,14,5,188.89996995536424,260.75081794743136,0.2779277803436452,20.6333252350494
489,OCC,False,Holt,14,6,22797.52505792619,35476.745822334015,115.16468734169436,11.732095182961524
490,OCC,False,Holt,15,2,22.665345121004567,30.763810639032545,0.029675858179547463,21.41297019712347
491,OCC,False,Holt,15,3,68.13141423823113,84.47307839723778,0.07422942384553731,11.794437470830157
492,OCC,False,Holt,15,4,106.8972926014444,138.7963005900092,0.13769323175863396,14.739748993075265
493,OCC,False,Holt,15,5,150.69527412068317,200.2866464940896,0.1976823931333894,20.833316871143918
494,OCC,False,Holt,15,6,87396.72528363932,148755.75553211966,530.2729675034273,11.449806439348595
495,OCC,False,ARIMA,5,2,22.049956715195066,28.791609468630668,0.026102747166311408,21.48410304559325
496,OCC,False,ARIMA,5,3,69.58442453837672,91.21823609470938,0.07913187744212802,11.712824632181437
497,OCC,False,ARIMA,5,4,41.49223146141844,55.19302118534201,0.05225441200161041,14.558327384977964
498,OCC,False,ARIMA,5,5,67.44347289590048,76.99281629044737,0.05626245878442313,21.037048463658607
499,OCC,False,ARIMA,5,6,45.748898476059615,59.39579704809188,0.051181377941104576,13.91828826479245
500,OCC,False,ARIMA,6,2,22.04995671519661,28.79160946863512,0.026102747166316994,21.484103045593212
501,OCC,False,ARIMA,6,3,73.6089088563025,90.31307064082826,0.06664094568146425,11.685190587404104
502,OCC,False,ARIMA,6,4,53.26698086531979,76.23386697478725,0.07731578913116612,14.404596763161605
503,OCC,False,ARIMA,6,5,68.60759921396497,77.63994676052639,0.05637468154971418,21.086919951473387
504,OCC,False,ARIMA,6,6,47.366860063471925,59.99725632096705,0.050070204267838245,13.904917923876388
505,OCC,False,ARIMA,7,2,22.04995671518722,28.791609468621754,0.02610274716630339,21.484103045593173
506,OCC,False,ARIMA,7,3,73.60890885626691,90.31307064078003,0.06664094568142677,11.68519058740408
507,OCC,False,ARIMA,7,4,53.01518836811929,73.18246541075955,0.07821496756833139,14.481045116352792
508,OCC,False,ARIMA,7,5,70.65504001253622,79.83221607498366,0.05862636247648083,21.279395578135798
509,OCC,False,ARIMA,7,6,46.507076929305704,59.16327433438199,0.04866046309277785,13.828673333058369
510,OCC,False,ARIMA,8,2,22.04995671518812,28.791609468623392,0.026102747166305285,21.484103045593198
511,OCC,False,ARIMA,8,3,73.60890885627835,90.3130706407956,0.0666409456814383,11.685190587404065
512,OCC,False,ARIMA,8,4,45.023929104145346,50.597013318640045,0.031952155823496836,14.752596811980984
513,OCC,False,ARIMA,8,5,65.4264883602222,76.2840417181254,0.05061474728074754,21.04512246857276
514,OCC,False,ARIMA,8,6,50.70331774897329,61.484681320800625,0.05170045654974693,13.870526089133186
515,OCC,False,ARIMA,9,2,22.049956715189115,28.79160946862424,0.026102747166306003,21.484103045593198
516,OCC,False,ARIMA,9,3,73.60890885626712,90.31307064078153,0.06664094568142784,11.685190587404108
517,OCC,False,ARIMA,9,4,47.211033078963965,52.51170203739678,0.0385891091949499,15.281726682607982
518,OCC,False,ARIMA,9,5,63.69911123005485,73.8022269929581,0.06029694087452056,21.38253598436426
519,OCC,False,ARIMA,9,6,49.29195295970095,62.31405111453366,0.057849198453495114,13.922664355079846
520,OCC,False,ARIMA,10,2,22.049956715187978,28.79160946862299,0.026102747166304743,21.484103045593187
521,OCC,False,ARIMA,10,3,73.60890885627857,90.31307064079456,0.0666409456814365,11.685190587404078
522,OCC,False,ARIMA,10,4,47.21103307895163,52.51170203737021,0.038589109194909946,15.281726682607614
523,OCC,False,ARIMA,10,5,61.56149828428633,73.10216399990193,0.05929720944034032,20.83297973712283
524,OCC,False,ARIMA,10,6,51.51140466852463,66.69806659850971,0.06558957572776022,14.445664231865978
525,OCC,False,ARIMA,11,2,22.049956715188973,28.791609468624205,0.026102747166306093,21.484103045593198
526,OCC,False,ARIMA,11,3,73.60890885628034,90.31307064079752,0.06664094568144281,11.685190587404062
527,OCC,False,ARIMA,11,4,47.21103307899358,52.511702037432066,0.038589109194993934,15.281726682608195
528,OCC,False,ARIMA,11,5,56.83688353440143,70.53095721010327,0.055039896030762314,20.5742992996778
529,OCC,False,ARIMA,11,6,52.14374140471173,65.23968331891308,0.0628960436075423,14.202411337965044
530,OCC,False,ARIMA,12,2,19.104259803578135,24.473388910907982,0.020545957542254672,21.385936049759
531,OCC,False,ARIMA,12,3,70.24384291834276,87.6537376727402,0.06708990309201769,11.735630755744543
532,OCC,False,ARIMA,12,4,1473.9331046828495,1965.2622436327065,1.4655885195394058,14.59142112147778
533,OCC,False,ARIMA,12,5,224.94690986619545,264.54343244608344,0.18139154952950431,20.752148528284525
534,OCC,False,ARIMA,12,6,46.85627032993821,59.848472688720456,0.05847545086567743,13.902445290295203
535,OCC,False,ARIMA,13,2,22.6878460398635,28.013909376879923,0.022094991723621032,21.648691202568635
536,OCC,False,ARIMA,13,3,71.40636294407332,87.79599745515381,0.06227091608941214,11.819127228191746
537,OCC,False,ARIMA,13,4,246.28201550260334,300.6969561083234,0.2117576570298378,14.482465821425073
538,OCC,False,ARIMA,13,5,102.7528161539593,128.30621865933335,0.10965978636987625,21.4893631225175
539,OCC,False,ARIMA,13,6,1953.3209773128137,2580.866030928314,1.8970247987623567,12.740022393372119
540,OCC,False,ARIMA,14,2,22.82318871750465,28.08026084580018,0.020238116712306783,21.56668429082815
541,OCC,False,ARIMA,14,3,69.81625042027927,89.9718261708995,0.07332705339952558,11.778721794433368
542,OCC,False,ARIMA,14,4,859.324860762924,1087.1552285430816,0.6792565112343802,14.282086467977976
543,OCC,False,ARIMA,14,5,163.03354087598296,206.95833116669127,0.1887589596807198,21.755807853014566
544,OCC,False,ARIMA,14,6,21923.62660436232,34208.74511855262,111.45856205574498,12.104634930465856
545,OCC,False,ARIMA,15,2,22.75485113927698,27.917653675428852,0.020351713177103388,21.538237312551175
546,OCC,False,ARIMA,15,3,76.31829722544298,99.80454513502039,0.08854579417599427,11.678593304911924
547,OCC,False,ARIMA,15,4,39.93859475342385,58.76556106732302,0.0668539720868943,15.453420518327988
548,OCC,False,ARIMA,15,5,136.75283404382375,157.4054019574088,0.13868110837621017,21.943127360477682
549,OCC,False,ARIMA,15,6,84225.47903908267,143658.21982071982,513.3232022721554,11.777502647542214
550,OCC,True,Holt,5,2,19.80800574543598,25.241894823758354,0.01912409123794786,21.358460943915812
551,OCC,True,Holt,5,3,60.26684934498231,76.12697176046264,0.06496501782314151,11.835013549730887
552,OCC,True,Holt,5,4,67.80167739708337,84.7027158144793,0.07716207422122154,13.859665669207086
553,OCC,True,Holt,5,5,62.090428967813686,90.90618988900044,0.0958692939050163,19.865941911324295
554,OCC,True,Holt,5,6,62.12010293672055,67.93067285081615,0.04719925217875268,13.531572179110789
555,OCC,True,Holt,6,2,19.808005745437697,25.24189482376167,0.01912409123795344,21.358460943915773
556,OCC,True,Holt,6,3,60.9992545862092,73.79337610776761,0.05267246556245253,11.802257554837578
557,OCC,True,Holt,6,4,60.85847224781765,77.94886565272733,0.07580743681170458,13.724515604365221
558,OCC,True,Holt,6,5,58.600159440463365,82.48212628072132,0.0817985561508366,19.919187195692288
559,OCC,True,Holt,6,6,56.215486831844004,61.75483759752204,0.03902831666594888,13.520078845353062
560,OCC,True,Holt,7,2,19.808005745433576,25.241894823756105,0.01912409123793975,21.358460943915734
561,OCC,True,Holt,7,3,60.999254586173755,73.79337610772806,0.05267246556241558,11.802257554837553
562,OCC,True,Holt,7,4,60.4252268158999,80.72108030061256,0.08700258867832186,13.791724074406963
563,OCC,True,Holt,7,5,60.77556735599675,83.06682862920336,0.07492511345887416,20.12468376145766
564,OCC,True,Holt,7,6,56.20840186787553,62.14920357470724,0.04271149396814633,13.454537918985189
565,OCC,True,Holt,8,2,19.808005745433377,25.24189482375602,0.01912409123794164,21.35846094391575
566,OCC,True,Holt,8,3,60.99925458618492,73.79337610774091,0.052672465562427113,11.802257554837537
567,OCC,True,Holt,8,4,68.68156237060951,95.12341815172925,0.09530078629847473,14.030454841501028
568,OCC,True,Holt,8,5,63.828729540939634,87.9849027216212,0.08236981021546641,19.874562121117105
569,OCC,True,Holt,8,6,53.35806475164559,61.09090183435495,0.03982772654774361,13.49051513880842
570,OCC,True,Holt,9,2,19.80800574543424,25.24189482375694,0.019124091237942363,21.35846094391576
571,OCC,True,Holt,9,3,60.99925458617432,73.79337610772892,0.05267246556241666,11.802257554837581
572,OCC,True,Holt,9,4,74.39113319068964,94.78614879293617,0.08425669896041263,14.558618393929764
573,OCC,True,Holt,9,5,72.43627921342627,107.09622211924791,0.11676278877098095,20.234801596318757
574,OCC,True,Holt,9,6,49.369269744239084,56.24664903953374,0.046178363435891774,13.535333928085091
575,OCC,True,Holt,10,2,19.80800574543366,25.241894823756276,0.01912409123794119,21.358460943915745
576,OCC,True,Holt,10,3,60.99925458618526,73.79337610773996,0.052672465562425136,11.802257554837546
577,OCC,True,Holt,10,4,74.39113319067982,94.7861487929362,0.08425669896039369,14.558618393929379
578,OCC,True,Holt,10,5,67.65946488919589,97.76978616026949,0.10605354660078198,19.64806797471013
579,OCC,True,Holt,10,6,60.87046248842646,67.60743952050315,0.05417289731219038,14.050679852621116
580,OCC,True,Holt,11,2,19.808005745433974,25.241894823756773,0.019124091237942453,21.35846094391575
581,OCC,True,Holt,11,3,60.9992545861868,73.79337610774255,0.05267246556243144,11.802257554837526
582,OCC,True,Holt,11,4,74.3911331906414,94.78614879288878,0.084256698960379,14.558618393929986
583,OCC,True,Holt,11,5,72.50636010314835,97.67176688588589,0.10030997534811095,19.371887855453387
584,OCC,True,Holt,11,6,56.28786085997272,66.43850641695064,0.05139092260747224,13.799755507637986
585,OCC,True,Holt,12,2,21.715616060320922,29.784507057053336,0.029871877582269963,21.259613948597227
586,OCC,True,Holt,12,3,59.27219170923444,71.88279198349922,0.053114292684543735,11.862046771721682
587,OCC,True,Holt,12,4,1713.33799868325,2249.204178932086,1.636896474881695,13.88875955161623
588,OCC,True,Holt,12,5,353.7105913672569,412.94643094176354,0.29035636927007646,19.561768550149385
589,OCC,True,Holt,12,6,63.34667569163691,78.23144432416966,0.05321922777122719,13.517953334628428
590,OCC,True,Holt,13,2,23.73369777023738,30.22509179823471,0.027206630618406627,21.524189197528752
591,OCC,True,Holt,13,3,60.04663100260131,72.11520733811159,0.04837184026320727,11.95033006782166
592,OCC,True,Holt,13,4,370.67243644891397,443.06759250935414,0.31508077860680744,13.792973066835216
593,OCC,True,Holt,13,5,151.78936136697683,203.61548079499056,0.21801222495161002,20.348855569809835
594,OCC,True,Holt,13,6,2078.860674761169,2723.7859401311093,1.97002326701439,12.36122824158318
595,OCC,True,Holt,14,2,21.913826610220564,30.725504125990685,0.029561223651212713,21.4416142266639
596,OCC,True,Holt,14,3,58.175515172307264,74.50052025949279,0.05925238530900777,11.910417941538187
597,OCC,True,Holt,14,4,1042.4397091715948,1295.0778645934656,0.8166557866647943,13.616812440595798
598,OCC,True,Holt,14,5,188.89996995536424,260.75081794743136,0.2779277803436452,20.6333252350494
599,OCC,True,Holt,14,6,22797.52505792619,35476.745822334015,115.16468734169436,11.732095182961524
600,OCC,True,Holt,15,2,22.665345121004567,30.763810639032545,0.029675858179547463,21.41297019712347
601,OCC,True,Holt,15,3,68.13141423823113,84.47307839723778,0.07422942384553731,11.794437470830157
602,OCC,True,Holt,15,4,106.8972926014444,138.7963005900092,0.13769323175863396,14.739748993075265
603,OCC,True,Holt,15,5,150.69527412068317,200.2866464940896,0.1976823931333894,20.833316871143918
604,OCC,True,Holt,15,6,87396.72528363932,148755.75553211966,530.2729675034273,11.449806439348595
605,OCC,True,ARIMA,5,2,22.049956715195066,28.791609468630668,0.026102747166311408,21.48410304559325
606,OCC,True,ARIMA,5,3,69.58442453837672,91.21823609470938,0.07913187744212802,11.712824632181437
607,OCC,True,ARIMA,5,4,41.49223146141844,55.19302118534201,0.05225441200161041,14.558327384977964
608,OCC,True,ARIMA,5,5,67.44347289590048,76.99281629044737,0.05626245878442313,21.037048463658607
609,OCC,True,ARIMA,5,6,45.748898476059615,59.39579704809188,0.051181377941104576,13.91828826479245
610,OCC,True,ARIMA,6,2,22.04995671519661,28.79160946863512,0.026102747166316994,21.484103045593212
611,OCC,True,ARIMA,6,3,73.6089088563025,90.31307064082826,0.06664094568146425,11.685190587404104
612,OCC,True,ARIMA,6,4,53.26698086531979,76.23386697478725,0.07731578913116612,14.404596763161605
613,OCC,True,ARIMA,6,5,68.60759921396497,77.63994676052639,0.05637468154971418,21.086919951473387
614,OCC,True,ARIMA,6,6,47.366860063471925,59.99725632096705,0.050070204267838245,13.904917923876388
615,OCC,True,ARIMA,7,2,22.04995671518722,28.791609468621754,0.02610274716630339,21.484103045593173
616,OCC,True,ARIMA,7,3,73.60890885626691,90.31307064078003,0.06664094568142677,11.68519058740408
617,OCC,True,ARIMA,7,4,53.01518836811929,73.18246541075955,0.07821496756833139,14.481045116352792
618,OCC,True,ARIMA,7,5,70.65504001253622,79.83221607498366,0.05862636247648083,21.279395578135798
619,OCC,True,ARIMA,7,6,46.507076929305704,59.16327433438199,0.04866046309277785,13.828673333058369
620,OCC,True,ARIMA,8,2,22.04995671518812,28.791609468623392,0.026102747166305285,21.484103045593198
621,OCC,True,ARIMA,8,3,73.60890885627835,90.3130706407956,0.0666409456814383,11.685190587404065
622,OCC,True,ARIMA,8,4,45.023929104145346,50.597013318640045,0.031952155823496836,14.752596811980984
623,OCC,True,ARIMA,8,5,65.4264883602222,76.2840417181254,0.05061474728074754,21.04512246857276
624,OCC,True,ARIMA,8,6,50.70331774897329,61.484681320800625,0.05170045654974693,13.870526089133186
625,OCC,True,ARIMA,9,2,22.049956715189115,28.79160946862424,0.026102747166306003,21.484103045593198
626,OCC,True,ARIMA,9,3,73.60890885626712,90.31307064078153,0.06664094568142784,11.685190587404108
627,OCC,True,ARIMA,9,4,47.211033078963965,52.51170203739678,0.0385891091949499,15.281726682607982
628,OCC,True,ARIMA,9,5,63.69911123005485,73.8022269929581,0.06029694087452056,21.38253598436426
629,OCC,True,ARIMA,9,6,49.29195295970095,62.31405111453366,0.057849198453495114,13.922664355079846
630,OCC,True,ARIMA,10,2,22.049956715187978,28.79160946862299,0.026102747166304743,21.484103045593187
631,OCC,True,ARIMA,10,3,73.60890885627857,90.31307064079456,0.0666409456814365,11.685190587404078
632,OCC,True,ARIMA,10,4,47.21103307895163,52.51170203737021,0.038589109194909946,15.281726682607614
633,OCC,True,ARIMA,10,5,61.56149828428633,73.10216399990193,0.05929720944034032,20.83297973712283
634,OCC,True,ARIMA,10,6,51.51140466852463,66.69806659850971,0.06558957572776022,14.445664231865978
635,OCC,True,ARIMA,11,2,22.049956715188973,28.791609468624205,0.026102747166306093,21.484103045593198
636,OCC,True,ARIMA,11,3,73.60890885628034,90.31307064079752,0.06664094568144281,11.685190587404062
637,OCC,True,ARIMA,11,4,47.21103307899358,52.511702037432066,0.038589109194993934,15.281726682608195
638,OCC,True,ARIMA,11,5,56.83688353440143,70.53095721010327,0.055039896030762314,20.5742992996778
639,OCC,True,ARIMA,11,6,52.14374140471173,65.23968331891308,0.0628960436075423,14.202411337965044
640,OCC,True,ARIMA,12,2,19.104259803578135,24.473388910907982,0.020545957542254672,21.385936049759
641,OCC,True,ARIMA,12,3,70.24384291834276,87.6537376727402,0.06708990309201769,11.735630755744543
642,OCC,True,ARIMA,12,4,1473.9331046828495,1965.2622436327065,1.4655885195394058,14.59142112147778
643,OCC,True,ARIMA,12,5,224.94690986619545,264.54343244608344,0.18139154952950431,20.752148528284525
644,OCC,True,ARIMA,12,6,46.85627032993821,59.848472688720456,0.05847545086567743,13.902445290295203
645,OCC,True,ARIMA,13,2,22.6878460398635,28.013909376879923,0.022094991723621032,21.648691202568635
646,OCC,True,ARIMA,13,3,71.40636294407332,87.79599745515381,0.06227091608941214,11.819127228191746
647,OCC,True,ARIMA,13,4,246.28201550260334,300.6969561083234,0.2117576570298378,14.482465821425073
648,OCC,True,ARIMA,13,5,102.7528161539593,128.30621865933335,0.10965978636987625,21.4893631225175
649,OCC,True,ARIMA,13,6,1953.3209773128137,2580.866030928314,1.8970247987623567,12.740022393372119
650,OCC,True,ARIMA,14,2,22.82318871750465,28.08026084580018,0.020238116712306783,21.56668429082815
651,OCC,True,ARIMA,14,3,69.81625042027927,89.9718261708995,0.07332705339952558,11.778721794433368
652,OCC,True,ARIMA,14,4,859.324860762924,1087.1552285430816,0.6792565112343802,14.282086467977976
653,OCC,True,ARIMA,14,5,163.03354087598296,206.95833116669127,0.1887589596807198,21.755807853014566
654,OCC,True,ARIMA,14,6,21923.62660436232,34208.74511855262,111.45856205574498,12.104634930465856
655,OCC,True,ARIMA,15,2,22.75485113927698,27.917653675428852,0.020351713177103388,21.538237312551175
656,OCC,True,ARIMA,15,3,76.31829722544298,99.80454513502039,0.08854579417599427,11.678593304911924
657,OCC,True,ARIMA,15,4,39.93859475342385,58.76556106732302,0.0668539720868943,15.453420518327988
658,OCC,True,ARIMA,15,5,136.75283404382375,157.4054019574088,0.13868110837621017,21.943127360477682
659,OCC,True,ARIMA,15,6,84225.47903908267,143658.21982071982,513.3232022721554,11.777502647542214
660,COR,False,Holt,5,2,14.269010024479021,24.00334739743694,0.08880724244789931,20.731738319056095
661,COR,False,Holt,5,3,12.884992117395063,19.725178280545535,0.08081089228345073,24.960007584874198
662,COR,False,Holt,5,4,20.524454712250407,28.96613949527156,0.11698575742538464,14.606643492096154
663,COR,False,Holt,5,5,13.782468495253447,16.90558121038734,0.06278298364155752,13.311957465960242
664,COR,False,Holt,5,6,22.73730331906991,28.192952894694415,0.06901956906687767,19.736195416072388
665,COR,False,Holt,6,2,14.269010024482247,24.003347397440688,0.08880724244790966,20.7317383190561
666,COR,False,Holt,6,3,13.228619760515413,18.156405563409443,0.0556556155822055,24.99029661963624
667,COR,False,Holt,6,4,18.545526852786544,26.715061250163558,0.11469054800448543,14.609856945802147
668,COR,False,Holt,6,5,13.5987586795121,16.81759417666723,0.05377132656821403,13.30611849933423
669,COR,False,Holt,6,6,24.28894498883999,31.098072204283753,0.08776151643939623,19.749877384640218
670,COR,False,Holt,7,2,14.26901002448353,24.003347397442486,0.08880724244791607,20.73173831905609
671,COR,False,Holt,7,3,13.228619760497581,18.15640556338242,0.05565561558213689,24.990296619636236
672,COR,False,Holt,7,4,13.773314556766502,23.056558356719847,0.11876930728615866,14.62179518815043
673,COR,False,Holt,7,5,15.0258776631347,18.591241702534596,0.05832835847710501,13.30051675333102
674,COR,False,Holt,7,6,27.579747685447618,35.53806830369918,0.09411106083226074,19.79777713951422
675,COR,False,Holt,8,2,14.26901002448414,24.003347397443232,0.08880724244791836,20.731738319056088
676,COR,False,Holt,8,3,13.228619760500697,18.156405563393946,0.055655615582190954,24.990296619636478
677,COR,False,Holt,8,4,19.199340502339293,28.160891415446628,0.13385552447909413,14.600083202233776
678,COR,False,Holt,8,5,15.741192519791477,20.171876215224554,0.06417474019231888,13.304659022571414
679,COR,False,Holt,8,6,32.36231705953501,42.85530769662474,0.1270492453633858,19.85573648537553
680,COR,False,Holt,9,2,14.269010024483647,24.003347397442706,0.08880724244791668,20.73173831905609
681,COR,False,Holt,9,3,13.228619760501845,18.156405563392585,0.05565561558218701,24.990296619636503
682,COR,False,Holt,9,4,20.076764574217837,30.44352005778507,0.13604333194630638,14.669200441241687
683,COR,False,Holt,9,5,18.172703730531264,21.996831503494803,0.06888892539441717,13.333781981148608
684,COR,False,Holt,9,6,27.28700445554099,38.15435615593884,0.12870379548663557,19.95827261952012
685,COR,False,Holt,10,2,14.269010024483999,24.00334739744299,0.08880724244791739,20.731738319056088
686,COR,False,Holt,10,3,13.228619760503728,18.156405563393076,0.05565561558217649,24.990296619636496
687,COR,False,Holt,10,4,20.076764574178636,30.443520057742585,0.13604333194608295,14.669200441241614
688,COR,False,Holt,10,5,22.668965649034238,27.208841572787506,0.07973633457507237,13.303565140155523
689,COR,False,Holt,10,6,19.236840497776367,26.649835309799027,0.08542656009186073,19.9107704765317
690,COR,False,Holt,11,2,14.269010024484269,24.003347397443342,0.08880724244791871,20.731738319056088
691,COR,False,Holt,11,3,13.228619760503028,18.15640556339505,0.05565561558219393,24.990296619636496
692,COR,False,Holt,11,4,20.07676457422029,30.443520057796626,0.1360433319463971,14.669200441241625
693,COR,False,Holt,11,5,26.711196985385474,34.11159540367443,0.10439085443864263,13.309313762155764
694,COR,False,Holt,11,6,23.319351788296917,33.41552757308542,0.11461455545738942,19.855060605185376
695,COR,False,Holt,12,2,19.681165954296066,30.565041260191794,0.10737547688303896,20.669787643688675
696,COR,False,Holt,12,3,11.851939198406038,16.866952681414123,0.04913548377668505,25.145708851891726
697,COR,False,Holt,12,4,21.175482819315793,31.632733226690625,0.12898769289072762,14.649375752500593
698,COR,False,Holt,12,5,1028.3752851607105,1728.1957947696321,8.069888653490072,15.609299109478526
699,COR,False,Holt,12,6,30.38835706050959,42.773629295435704,0.1255781526221784,19.829617703069292
700,COR,False,Holt,13,2,19.075029524686183,29.58126509689563,0.10802552602029859,20.64345567943494
701,COR,False,Holt,13,3,15.462416983280773,22.59521828685328,0.08162351258495916,25.38839579602373
702,COR,False,Holt,13,4,23.0220493597916,33.173512616076586,0.1283771447553275,14.718316537344228
703,COR,False,Holt,13,5,71.44627170169787,96.14395834839662,0.3826511765103908,13.629260778285087
704,COR,False,Holt,13,6,33.281350218300425,50.70801363714431,0.21901097677364548,19.9933992693975
705,COR,False,Holt,14,2,18.71616076697792,29.682093968661015,0.10659815794743674,20.64866590736438
706,COR,False,Holt,14,3,16.677308227099036,23.574358229491907,0.0799680933761467,25.489218058041768
707,COR,False,Holt,14,4,23.619071323981768,39.71135256568005,0.1803451652155305,14.716022224385751
708,COR,False,Holt,14,5,42.903238125962694,59.39672968704658,0.2756642044455355,13.50607632940376
709,COR,False,Holt,14,6,105.52953732454336,164.54476442285102,0.8485401770514468,20.642819311583658
710,COR,False,Holt,15,2,16.747619835875806,27.630746190735948,0.10057237184204805,20.6752841643309
711,COR,False,Holt,15,3,12.674644629996473,20.49787984803731,0.07068073745741572,25.467171313488535
712,COR,False,Holt,15,4,36.2010846369539,57.500543984565475,0.2831896123040458,14.842626511521656
713,COR,False,Holt,15,5,43.83943248646529,60.235589118427946,0.24761002578818922,13.513256319122904
714,COR,False,Holt,15,6,59.397267784986106,96.20365512517257,0.4050343813874868,19.987560590951507
715,COR,False,ARIMA,5,2,18.969233546173964,29.70487693739313,0.11288103099240376,20.99422128544124
716,COR,False,ARIMA,5,3,14.319007263929679,26.157922544824867,0.11297440725451614,25.116918434412863
717,COR,False,ARIMA,5,4,21.20443443387752,30.67491766745117,0.11496915495794778,14.652461189954776
718,COR,False,ARIMA,5,5,29.31764929498434,40.30791811630134,0.125201463146395,13.4782988974116
719,COR,False,ARIMA,5,6,19.633095258038377,24.28241633131257,0.06443042827268407,19.785334500880573
720,COR,False,ARIMA,6,2,18.969233546171157,29.704876937389187,0.11288103099239587,20.994221285441245
721,COR,False,ARIMA,6,3,13.684620164419256,17.687517409034104,0.06539476690676208,25.145579600570432
722,COR,False,ARIMA,6,4,18.579357734908143,27.61976438573661,0.11267929982864634,14.656278986015058
723,COR,False,ARIMA,6,5,27.17130900744959,38.612232961778616,0.12636891995917304,13.469821129503199
724,COR,False,ARIMA,6,6,21.198796370670603,27.333454737657163,0.07446170800396554,19.798691021117765
725,COR,False,ARIMA,7,2,18.969233546170315,29.704876937388093,0.11288103099239183,20.994221285441238
726,COR,False,ARIMA,7,3,13.68462016440833,17.687517409011154,0.0653947669065716,25.14557960057043
727,COR,False,ARIMA,7,4,13.716793182502487,22.56882936453167,0.11674854413257849,14.67155979957752
728,COR,False,ARIMA,7,5,28.22526351322855,40.26222304614662,0.1304562866890386,13.461687789215643
729,COR,False,ARIMA,7,6,24.54798437406278,31.246444080614825,0.08338988701886237,19.845451400821847
730,COR,False,ARIMA,8,2,18.969233546169832,29.704876937387308,0.11288103099238919,20.994221285441238
731,COR,False,ARIMA,8,3,13.684620164406768,17.687517409012738,0.06539476690663819,25.145579600570645
732,COR,False,ARIMA,8,4,16.478751173336402,26.35670517614034,0.13179956802017898,14.646163368002968
733,COR,False,ARIMA,8,5,27.198960371659485,38.96938033854495,0.12179816760245575,13.46770207213306
734,COR,False,ARIMA,8,6,29.4229267079885,38.37274186861743,0.1144701712824438,19.902032087445495
735,COR,False,ARIMA,9,2,18.96923354617027,29.70487693738808,0.11288103099239218,20.994221285441238
736,COR,False,ARIMA,9,3,13.684620164408324,17.687517409016504,0.06539476690665255,25.14557960057068
737,COR,False,ARIMA,9,4,19.81571849594392,29.43402293334596,0.13398227174433744,14.746782140897363
738,COR,False,ARIMA,9,5,30.457583737896666,43.774534541121476,0.13573683663929903,13.5109074126577
739,COR,False,ARIMA,9,6,24.313971006204184,33.992879140924124,0.11615507416844438,20.002129229458056
740,COR,False,ARIMA,10,2,18.969233546169942,29.7048769373875,0.11288103099238972,20.994221285441238
741,COR,False,ARIMA,10,3,13.684620164410937,17.68751740902213,0.0653947669066883,25.145579600570674
742,COR,False,ARIMA,10,4,19.81571849590402,29.434022933295264,0.1339822717441144,14.74678214089725
743,COR,False,ARIMA,10,5,34.8396270907024,51.35218648051426,0.16111777115223624,13.466113831981165
744,COR,False,ARIMA,10,6,16.39338549993352,22.7145364306365,0.07208391682474104,19.955757003780928
745,COR,False,ARIMA,11,2,18.96923354616977,29.704876937387226,0.11288103099238884,20.994221285441235
746,COR,False,ARIMA,11,3,13.684620164409102,17.687517409017122,0.06539476690665624,25.14557960057068
747,COR,False,ARIMA,11,4,19.81571849594608,29.434022933358044,0.13398227174442778,14.746782140897267
748,COR,False,ARIMA,11,5,29.52863584795165,46.874983612178596,0.152264932086824,13.474460425862018
749,COR,False,ARIMA,11,6,20.35224089242952,28.875048522145683,0.10180736668394363,19.901372284187435
750,COR,False,ARIMA,12,2,16.480378884769095,24.516812049296636,0.09132022505384708,20.936346709852902
751,COR,False,ARIMA,12,3,12.826638414794722,18.996302601247862,0.08240735878723443,25.2926392822865
752,COR,False,ARIMA,12,4,20.780678115856755,30.52871892864719,0.12694309216673394,14.716328492873432
753,COR,False,ARIMA,12,5,902.0526856905088,1539.6418913106852,7.231990716794997,15.553579920470385
754,COR,False,ARIMA,12,6,27.351362124961593,38.975735014386444,0.11504023368517724,19.876534583726304
755,COR,False,ARIMA,13,2,16.95109386753441,24.90858590009755,0.0938123673939682,20.90761624104922
756,COR,False,ARIMA,13,3,12.753671702190474,23.17418549427035,0.11375859300973366,25.54980408515004
757,COR,False,ARIMA,13,4,22.797154624367906,32.41370926484046,0.12633396832522223,14.802923679193478
758,COR,False,ARIMA,13,5,61.79271623670695,99.97848203547886,0.4752183104380798,13.828654278989733
759,COR,False,ARIMA,13,6,30.245044641077303,47.019265104071714,0.21944482208867253,20.036420333667657
760,COR,False,ARIMA,14,2,17.12765380933806,26.01096205741286,0.10196937590607327,20.91330105398396
761,COR,False,ARIMA,14,3,13.389858781459806,23.47186323556961,0.11216109887864373,25.64520770651938
762,COR,False,ARIMA,14,4,21.538651011616285,37.94854362895905,0.17818075717459014,14.800721158448615
763,COR,False,ARIMA,14,5,42.939061582569344,70.70964163817456,0.3960858267353109,13.721341197641959
764,COR,False,ARIMA,14,6,104.0673479031423,162.13219802049818,0.8356397301733525,20.67869876134616
765,COR,False,ARIMA,15,2,17.04868744312949,27.15176255648778,0.10598667518671892,20.942343893098265
766,COR,False,ARIMA,15,3,14.597532365294521,22.42032092209846,0.10112216640917997,25.624345852919955
767,COR,False,ARIMA,15,4,34.57004223646209,55.23427143404577,0.28019617244759204,14.92226018727875
768,COR,False,ARIMA,15,5,44.35308033264448,70.38556913384787,0.37104086549783827,13.72759610098247
769,COR,False,ARIMA,15,6,57.379555704899325,92.67074457429315,0.38612400582624484,20.030720537879088
770,COR,True,Holt,5,2,14.269010024479021,24.00334739743694,0.08880724244789931,20.731738319056095
771,COR,True,Holt,5,3,12.884992117395063,19.725178280545535,0.08081089228345073,24.960007584874198
772,COR,True,Holt,5,4,20.524454712250407,28.96613949527156,0.11698575742538464,14.606643492096154
773,COR,True,Holt,5,5,13.782468495253447,16.90558121038734,0.06278298364155752,13.311957465960242
774,COR,True,Holt,5,6,22.73730331906991,28.192952894694415,0.06901956906687767,19.736195416072388
775,COR,True,Holt,6,2,14.269010024482247,24.003347397440688,0.08880724244790966,20.7317383190561
776,COR,True,Holt,6,3,13.228619760515413,18.156405563409443,0.0556556155822055,24.99029661963624
777,COR,True,Holt,6,4,18.545526852786544,26.715061250163558,0.11469054800448543,14.609856945802147
778,COR,True,Holt,6,5,13.5987586795121,16.81759417666723,0.05377132656821403,13.30611849933423
779,COR,True,Holt,6,6,24.28894498883999,31.098072204283753,0.08776151643939623,19.749877384640218
780,COR,True,Holt,7,2,14.26901002448353,24.003347397442486,0.08880724244791607,20.73173831905609
781,COR,True,Holt,7,3,13.228619760497581,18.15640556338242,0.05565561558213689,24.990296619636236
782,COR,True,Holt,7,4,13.773314556766502,23.056558356719847,0.11876930728615866,14.62179518815043
783,COR,True,Holt,7,5,15.0258776631347,18.591241702534596,0.05832835847710501,13.30051675333102
784,COR,True,Holt,7,6,27.579747685447618,35.53806830369918,0.09411106083226074,19.79777713951422
785,COR,True,Holt,8,2,14.26901002448414,24.003347397443232,0.08880724244791836,20.731738319056088
786,COR,True,Holt,8,3,13.228619760500697,18.156405563393946,0.055655615582190954,24.990296619636478
787,COR,True,Holt,8,4,19.199340502339293,28.160891415446628,0.13385552447909413,14.600083202233776
788,COR,True,Holt,8,5,15.741192519791477,20.171876215224554,0.06417474019231888,13.304659022571414
789,COR,True,Holt,8,6,32.36231705953501,42.85530769662474,0.1270492453633858,19.85573648537553
790,COR,True,Holt,9,2,14.269010024483647,24.003347397442706,0.08880724244791668,20.73173831905609
791,COR,True,Holt,9,3,13.228619760501845,18.156405563392585,0.05565561558218701,24.990296619636503
792,COR,True,Holt,9,4,20.076764574217837,30.44352005778507,0.13604333194630638,14.669200441241687
793,COR,True,Holt,9,5,18.172703730531264,21.996831503494803,0.06888892539441717,13.333781981148608
794,COR,True,Holt,9,6,27.28700445554099,38.15435615593884,0.12870379548663557,19.95827261952012
795,COR,True,Holt,10,2,14.269010024483999,24.00334739744299,0.08880724244791739,20.731738319056088
796,COR,True,Holt,10,3,13.228619760503728,18.156405563393076,0.05565561558217649,24.990296619636496
797,COR,True,Holt,10,4,20.076764574178636,30.443520057742585,0.13604333194608295,14.669200441241614
798,COR,True,Holt,10,5,22.668965649034238,27.208841572787506,0.07973633457507237,13.303565140155523
799,COR,True,Holt,10,6,19.236840497776367,26.649835309799027,0.08542656009186073,19.9107704765317
800,COR,True,Holt,11,2,14.269010024484269,24.003347397443342,0.08880724244791871,20.731738319056088
801,COR,True,Holt,11,3,13.228619760503028,18.15640556339505,0.05565561558219393,24.990296619636496
802,COR,True,Holt,11,4,20.07676457422029,30.443520057796626,0.1360433319463971,14.669200441241625
803,COR,True,Holt,11,5,26.711196985385474,34.11159540367443,0.10439085443864263,13.309313762155764
804,COR,True,Holt,11,6,23.319351788296917,33.41552757308542,0.11461455545738942,19.855060605185376
805,COR,True,Holt,12,2,19.681165954296066,30.565041260191794,0.10737547688303896,20.669787643688675
806,COR,True,Holt,12,3,11.851939198406038,16.866952681414123,0.04913548377668505,25.145708851891726
807,COR,True,Holt,12,4,21.175482819315793,31.632733226690625,0.12898769289072762,14.649375752500593
808,COR,True,Holt,12,5,1028.3752851607105,1728.1957947696321,8.069888653490072,15.609299109478526
809,COR,True,Holt,12,6,30.38835706050959,42.773629295435704,0.1255781526221784,19.829617703069292
810,COR,True,Holt,13,2,19.075029524686183,29.58126509689563,0.10802552602029859,20.64345567943494
811,COR,True,Holt,13,3,15.462416983280773,22.59521828685328,0.08162351258495916,25.38839579602373
812,COR,True,Holt,13,4,23.0220493597916,33.173512616076586,0.1283771447553275,14.718316537344228
813,COR,True,Holt,13,5,71.44627170169787,96.14395834839662,0.3826511765103908,13.629260778285087
814,COR,True,Holt,13,6,33.281350218300425,50.70801363714431,0.21901097677364548,19.9933992693975
815,COR,True,Holt,14,2,18.71616076697792,29.682093968661015,0.10659815794743674,20.64866590736438
816,COR,True,Holt,14,3,16.677308227099036,23.574358229491907,0.0799680933761467,25.489218058041768
817,COR,True,Holt,14,4,23.619071323981768,39.71135256568005,0.1803451652155305,14.716022224385751
818,COR,True,Holt,14,5,42.903238125962694,59.39672968704658,0.2756642044455355,13.50607632940376
819,COR,True,Holt,14,6,105.52953732454336,164.54476442285102,0.8485401770514468,20.642819311583658
820,COR,True,Holt,15,2,16.747619835875806,27.630746190735948,0.10057237184204805,20.6752841643309
821,COR,True,Holt,15,3,12.674644629996473,20.49787984803731,0.07068073745741572,25.467171313488535
822,COR,True,Holt,15,4,36.2010846369539,57.500543984565475,0.2831896123040458,14.842626511521656
823,COR,True,Holt,15,5,43.83943248646529,60.235589118427946,0.24761002578818922,13.513256319122904
824,COR,True,Holt,15,6,59.397267784986106,96.20365512517257,0.4050343813874868,19.987560590951507
825,COR,True,ARIMA,5,2,18.969233546173964,29.70487693739313,0.11288103099240376,20.99422128544124
826,COR,True,ARIMA,5,3,14.319007263929679,26.157922544824867,0.11297440725451614,25.116918434412863
827,COR,True,ARIMA,5,4,21.20443443387752,30.67491766745117,0.11496915495794778,14.652461189954776
828,COR,True,ARIMA,5,5,29.31764929498434,40.30791811630134,0.125201463146395,13.4782988974116
829,COR,True,ARIMA,5,6,19.633095258038377,24.28241633131257,0.06443042827268407,19.785334500880573
830,COR,True,ARIMA,6,2,18.969233546171157,29.704876937389187,0.11288103099239587,20.994221285441245
831,COR,True,ARIMA,6,3,13.684620164419256,17.687517409034104,0.06539476690676208,25.145579600570432
832,COR,True,ARIMA,6,4,18.579357734908143,27.61976438573661,0.11267929982864634,14.656278986015058
833,COR,True,ARIMA,6,5,27.17130900744959,38.612232961778616,0.12636891995917304,13.469821129503199
834,COR,True,ARIMA,6,6,21.198796370670603,27.333454737657163,0.07446170800396554,19.798691021117765
835,COR,True,ARIMA,7,2,18.969233546170315,29.704876937388093,0.11288103099239183,20.994221285441238
836,COR,True,ARIMA,7,3,13.68462016440833,17.687517409011154,0.0653947669065716,25.14557960057043
837,COR,True,ARIMA,7,4,13.716793182502487,22.56882936453167,0.11674854413257849,14.67155979957752
838,COR,True,ARIMA,7,5,28.22526351322855,40.26222304614662,0.1304562866890386,13.461687789215643
839,COR,True,ARIMA,7,6,24.54798437406278,31.246444080614825,0.08338988701886237,19.845451400821847
840,COR,True,ARIMA,8,2,18.969233546169832,29.704876937387308,0.11288103099238919,20.994221285441238
841,COR,True,ARIMA,8,3,13.684620164406768,17.687517409012738,0.06539476690663819,25.145579600570645
842,COR,True,ARIMA,8,4,16.478751173336402,26.35670517614034,0.13179956802017898,14.646163368002968
843,COR,True,ARIMA,8,5,27.198960371659485,38.96938033854495,0.12179816760245575,13.46770207213306
844,COR,True,ARIMA,8,6,29.4229267079885,38.37274186861743,0.1144701712824438,19.902032087445495
845,COR,True,ARIMA,9,2,18.96923354617027,29.70487693738808,0.11288103099239218,20.994221285441238
846,COR,True,ARIMA,9,3,13.684620164408324,17.687517409016504,0.06539476690665255,25.14557960057068
847,COR,True,ARIMA,9,4,19.81571849594392,29.43402293334596,0.13398227174433744,14.746782140897363
848,COR,True,ARIMA,9,5,30.457583737896666,43.774534541121476,0.13573683663929903,13.5109074126577
849,COR,True,ARIMA,9,6,24.313971006204184,33.992879140924124,0.11615507416844438,20.002129229458056
850,COR,True,ARIMA,10,2,18.969233546169942,29.7048769373875,0.11288103099238972,20.994221285441238
851,COR,True,ARIMA,10,3,13.684620164410937,17.68751740902213,0.0653947669066883,25.145579600570674
852,COR,True,ARIMA,10,4,19.81571849590402,29.434022933295264,0.1339822717441144,14.74678214089725
853,COR,True,ARIMA,10,5,34.8396270907024,51.35218648051426,0.16111777115223624,13.466113831981165
854,COR,True,ARIMA,10,6,16.39338549993352,22.7145364306365,0.07208391682474104,19.955757003780928
855,COR,True,ARIMA,11,2,18.96923354616977,29.704876937387226,0.11288103099238884,20.994221285441235
856,COR,True,ARIMA,11,3,13.684620164409102,17.687517409017122,0.06539476690665624,25.14557960057068
857,COR,True,ARIMA,11,4,19.81571849594608,29.434022933358044,0.13398227174442778,14.746782140897267
858,COR,True,ARIMA,11,5,29.52863584795165,46.874983612178596,0.152264932086824,13.474460425862018
859,COR,True,ARIMA,11,6,20.35224089242952,28.875048522145683,0.10180736668394363,19.901372284187435
860,COR,True,ARIMA,12,2,16.480378884769095,24.516812049296636,0.09132022505384708,20.936346709852902
861,COR,True,ARIMA,12,3,12.826638414794722,18.996302601247862,0.08240735878723443,25.2926392822865
862,COR,True,ARIMA,12,4,20.780678115856755,30.52871892864719,0.12694309216673394,14.716328492873432
863,COR,True,ARIMA,12,5,902.0526856905088,1539.6418913106852,7.231990716794997,15.553579920470385
864,COR,True,ARIMA,12,6,27.351362124961593,38.975735014386444,0.11504023368517724,19.876534583726304
865,COR,True,ARIMA,13,2,16.95109386753441,24.90858590009755,0.0938123673939682,20.90761624104922
866,COR,True,ARIMA,13,3,12.753671702190474,23.17418549427035,0.11375859300973366,25.54980408515004
867,COR,True,ARIMA,13,4,22.797154624367906,32.41370926484046,0.12633396832522223,14.802923679193478
868,COR,True,ARIMA,13,5,61.79271623670695,99.97848203547886,0.4752183104380798,13.828654278989733
869,COR,True,ARIMA,13,6,30.245044641077303,47.019265104071714,0.21944482208867253,20.036420333667657
870,COR,True,ARIMA,14,2,17.12765380933806,26.01096205741286,0.10196937590607327,20.91330105398396
871,COR,True,ARIMA,14,3,13.389858781459806,23.47186323556961,0.11216109887864373,25.64520770651938
872,COR,True,ARIMA,14,4,21.538651011616285,37.94854362895905,0.17818075717459014,14.800721158448615
873,COR,True,ARIMA,14,5,42.939061582569344,70.70964163817456,0.3960858267353109,13.721341197641959
874,COR,True,ARIMA,14,6,104.0673479031423,162.13219802049818,0.8356397301733525,20.67869876134616
875,COR,True,ARIMA,15,2,17.04868744312949,27.15176255648778,0.10598667518671892,20.942343893098265
876,COR,True,ARIMA,15,3,14.597532365294521,22.42032092209846,0.10112216640917997,25.624345852919955
877,COR,True,ARIMA,15,4,34.57004223646209,55.23427143404577,0.28019617244759204,14.92226018727875
878,COR,True,ARIMA,15,5,44.35308033264448,70.38556913384787,0.37104086549783827,13.72759610098247
879,COR,True,ARIMA,15,6,57.379555704899325,92.67074457429315,0.38612400582624484,20.030720537879088
